1645	Moonberry Juice
2931	Maiden's Anguish
7187	VanCleef's Boots
7950	Armor of Thero-shan
7953	Mask of Thero-shan
13000	Staff of Hale Magefire
13001	Maiden's Circle
13002	Lady Alizabeth's Pendant
13003	Lord Alexander's Battle Axe
13004	Torch of Austen
13006	Mass of McGowan
13007	Mageflame Cloak
13008	Dalewind Trousers
13009	Cow King's Hide
13013	Elder Wizard's Mantle
13015	Serathil
13018	Executioner's Cleaver
13021	Needle Threader
13023	Eaglehorn Long Bow
13028	Bludstone Hammer
13029	Umbral Crystal
13030	Basilisk Bone
13036	Assassination Blade
13040	Heartseeking Crossbow
13047	Twig of the World Tree
13053	Doombringer
13059	Stoneraven
13060	The Needler
13066	Wyrmslayer Spaulders
13067	Hydralick Armor
13070	Sapphiron's Scale Boots
13072	Stonegrip Gauntlets
13075	Direwing Legguards
13083	Garrett Family Crest
13085	Horizon Choker
13091	Medallion of Grand Marshal Morris
13096	Band of the Hierophant
13098	Painweaver Band
13101	Wolfrunner Shoes
13107	Magiskull Cuffs
13111	Sandals of the Insurgent
13113	Feathermoon Headdress
13114	Troll's Bane Leggings
13116	Spaulders of the Unseen
13118	Serpentine Sash
13120	Deepfury Bracers
13122	Dark Phantom Cape
13123	Dreamwalker Armor
13125	Elven Chain Boots
13126	Battlecaller Gauntlets
13130	Windrunner Legguards
13133	Drakesfire Epaulets
13134	Belt of the Gladiator
13135	Lordly Armguards
13139	Guttbuster
13141	Tooth of Gnarr
13142	Brigam Girdle
13143	Mark of the Dragon Lord
13144	Serenity Belt
13146	Shell Launcher Shotgun
13148	Chillpike
13161	Trindlehaven Staff
13162	Reiver Claws
13163	Relentless Scythe
13164	Heart of the Scale
13166	Slamshot Shoulders
13167	Fist of Omokk
13168	Plate of the Shaman King
13169	Tressermane Leggings
13170	Skyshroud Leggings
13173	Flightblade Throwing Axe
13177	Talisman of Evasion
13178	Rosewine Circle
13179	Brazecore Armguards
13181	Demonskin Gloves
13182	Phase Blade
13183	Venomspitter
13184	Fallbrush Handgrips
13185	Sunderseer Mantle
13198	Hurd Smasher
13203	Armswake Cloak
13204	Bashguuder
13205	Rhombeard Protector
13206	Wolfshear Leggings
13208	Bleak Howler Armguards
13210	Pads of the Dread Wolf
13211	Slashclaw Bracers
13212	Halycon's Spiked Collar
13218	Fang of the Crystal Spider
13244	Gilded Gauntlets
13247	Quartermaster Zigris' Footlocker
13252	Cloudrunner Girdle
13253	Hands of Power
13255	Trueaim Gauntlets
13257	Demonic Runed Spaulders
13258	Slaghide Gauntlets
13259	Ribsteel Footguards
13261	Globe of D'sak
13282	Ogreseer Tower Boots
13283	Magus Ring
13284	Swiftdart Battleboots
13285	The Blackrock Slicer
13286	Rivenspike
13303	Crusaders' Square Postbox Key
13304	Festival Lane Postbox Key
13305	Elders' Square Postbox Key
13306	King's Square Postbox Key
13314	Alanna's Embrace
13330	Dereks Radish Bag
13335	Deathcharger's Reins
13340	Cape of the Black Baron
13344	Dracorian Gauntlets
13345	Seal of Rivendare
13346	Robes of the Exalted
13348	Demonshear
13349	Scepter of the Unholy
13353	Book of the Dead
13358	Wyrmtongue Shoulders
13359	Crown of Tyranny
13360	Gift of the Elven Magi
13361	Skullforge Reaver
13362	Letter from the Front
13364	Ezra Grimm's Advertisement
13368	Bonescraper
13369	Fire Striders
13371	Father Flame
13372	Slavedriver's Cane
13373	Band of Flesh
13374	Soulstealer Mantle
13375	Crest of Retribution
13377	Miniature Cannon Balls
13378	Songbird Blouse
13379	Piccolo of the Flaming Fire
13380	Willey's Portable Howitzer
13381	Master Cannoneer Boots
13382	Cannonball Runner
13383	Woollies of the Prancing Minstrel
13384	Rainbow Girdle
13385	Tome of Knowledge
13386	Archivist Cape of Frozen Wrath
13387	Foresight Girdle of the Owl
13389	The Postmaster's Trousers
13391	The Postmaster's Treads
13392	The Postmaster's Seal
13394	Skul's Cold Embrace
13395	Skul's Fingerbone Claws
13396	Skul's Ghastly Touch
13397	Stoneskin Gargoyle Cape
13398	Boots of the Shrieker
13399	Gargoyle Shredder Talons
13401	The Cruel Hand of Timmy
13404	Mask of the Unforgiven
13405	Wailing Nightbane Pauldrons
13408	Soul Breaker
13409	Tearfall Bracers
13498	Handcrafted Mastersmith Leggings
13502	Handcrafted Mastersmith Girdle
13503	Alchemists' Stone
13505	Runeblade of Baron Rivendare
13509	Clutch of Foresight
13514	Wail of the Banshee
13515	Ramstein's Lightning Bolts
13517	Recipe: Alchemists' Stone
13518	Recipe: Flask of Petrification
13519	Recipe: Flask of the Titans
13520	Recipe: Flask of Distilled Wisdom
13521	Recipe: Flask of Supreme Power
13522	Recipe: Flask of Chromatic Resistance
13524	Skull of Burning Shadows
13525	Darkbind Fingers
13526	Flamescarred Girdle
13527	Lavawalker Greaves
13528	Twilight Void Bracers
13529	Husk of Nerub'enkan
13530	Fangdrip Runners
13531	Crypt Stalker Leggings
13532	Darkspinner Claws
13533	Acid-etched Pauldrons
13534	Banshee Finger
13535	Coldtouch Phantom Wraps
13537	Chillhide Bracers
13538	Windshrieker Pauldrons
13539	Banshee's Touch
13816	Fine Longsword
13817	Tapered Greatsword
13818	Jagged Axe
13819	Balanced War Axe
13820	Clout Mace
13821	Bulky Maul
13822	Spiked Dagger
13823	Stout War Staff
13824	Recurve Long Bow
13825	Primed Musket
13856	Runecloth Belt
13865	Runecloth Pants
13866	Runecloth Headband
13869	Frostweave Tunic
13873	Viewing Room Key
13937	Headmaster's Charge
13938	Bonecreeper Stylus
13950	Detention Strap
13951	Vigorsteel Vambraces
13953	Silent Fang
13954	Verdant Footpads
13955	Stoneform Shoulders
13956	Clutch of Andros
13957	Gargoyle Slashers
13960	Heart of the Fiend
13964	Witchblade
13967	Windreaver Greaves
13969	Loomguard Armbraces
13983	Gravestone War Axe
14024	Frightalon
14044	Cindercloth Cloak
14111	Felcloth Hood
14128	Wizardweave Robe
14130	Wizardweave Turban
14136	Robe of Winter Night
14137	Mooncloth Leggings
14144	Ghostweave Pants
14145	Cursed Felblade
14148	Crystalline Cuffs
14149	Subterranean Cape
14154	Truefaith Vestments
14155	Mooncloth Bag
14166	Buccaneer's Bracers of Healing
14236	Embersilk Boots of the Eagle
14313	Celestial Cape of the Owl
14328	Eternal Chestguard of the Owl
14330	Eternal Bindings of the Whale
14331	Eternal Cloak of the Owl
14332	Eternal Crown of the Owl
14334	Eternal Sarong of Healing
14335	Eternal Spaulders of the Owl
14336	Eternal Wraps of Intellect
14337	Eternal Cord of Fiery Wrath
14340	Freezing Lich Robes
14438	Venomshroud Boots
14444	Venomshroud Leggings
14452	Highborne Pauldrons
14465	Elunarian Belt
14466	Pattern: Frostweave Tunic
14467	Pattern: Frostweave Robe
14468	Pattern: Runecloth Bag
14470	Pattern: Runecloth Tunic
14471	Pattern: Cindercloth Vest
14474	Pattern: Frostweave Gloves
14477	Pattern: Ghostweave Gloves
14478	Pattern: Brightcloth Robe
14479	Pattern: Brightcloth Gloves
14481	Pattern: Runecloth Gloves
14482	Pattern: Cindercloth Cloak
14483	Pattern: Felcloth Pants
14484	Pattern: Brightcloth Cloak
14485	Pattern: Wizardweave Leggings
14487	Bonechill Hammer
14489	Pattern: Frostweave Pants
14490	Pattern: Cindercloth Pants
14491	Pattern: Runecloth Pants
14492	Pattern: Felcloth Boots
14494	Pattern: Brightcloth Pants
14495	Pattern: Ghostweave Pants
14496	Pattern: Felcloth Hood
14498	Pattern: Runecloth Headband
14499	Pattern: Mooncloth Bag
14500	Pattern: Wizardweave Robe
14502	Frostbite Girdle
14504	Pattern: Runecloth Shoulders
14505	Pattern: Wizardweave Turban
14506	Pattern: Felcloth Robe
14507	Pattern: Mooncloth Shoulders
14508	Pattern: Felcloth Shoulders
14510	Pattern: Bottomless Bag
14511	Pattern: Gloves of Spell Mastery
14512	Pattern: Truefaith Vestments
14513	Pattern: Robe of the Archmage
14514	Pattern: Robe of the Void
14525	Boneclenched Gauntlets
14526	Pattern: Mooncloth
14537	Corpselight Greaves
14538	Deadwalker Mantle
14548	Royal Cap Spaulders
14551	Edgemaster's Handguards
14553	Sash of Mercy
14576	Ebon Hilt of Marduk
14577	Skullsmoke Pants
14617	Sawbones Shirt
14635	Pattern: Gem-studded Leather Belt
14636	Cadaverous Belt
14637	Cadaverous Armor
14638	Cadaverous Leggings
14640	Cadaverous Gloves
14641	Cadaverous Walkers
14664	Keeper's Armor
14672	Pridelord Bands
14791	Protector Cape
14809	Warstrike Sabatons
14931	Heroic Armor of the Monkey
14966	Glorious Breastplate of the Bear
14969	Glorious Headdress of the Bear
14975	Exalted Harness of the Bear
14976	Exalted Gauntlets of Power
14978	Exalted Sabatons of Frost Resistance
14979	Exalted Helmet of the Bear
14980	Exalted Legplates of the Boar
14981	Exalted Epaulets of the Bear
14982	Exalted Shield of the Monkey
14983	Exalted Armsplints of the Bear
15050	Black Dragonscale Breastplate
15057	Stormshroud Pants
15077	Heavy Scorpid Bracers
15082	Heavy Scorpid Belt
15197	Scout's Tabard
15199	Stone Guard's Herald
15213	Mercenary Blade of the Monkey
15214	Nobles Brand of the Tiger
15216	Rune Sword of Strength
15218	Crystal Sword of the Monkey
15219	Dimensional Blade of Strength
15220	Battlefell Sabre of the Bear
15221	Holy War Sword of the Bear
15225	Sequoia Hammer of the Monkey
15226	Giant Club of Stamina
15228	Smashing Star of the Tiger
15229	Blesswind Hammer of Power
15236	Moon Cleaver of the Boar
15237	Corpse Harvester of the Tiger
15239	Felstone Reaver of the Bear
15240	Demon's Claw of the Whale
15246	Demon Blade of the Bear
15247	Bloodstrike Dagger of Shadow Wrath
15254	Dark Espadon of the Tiger
15255	Gallant Flamberge of the Eagle
15256	Massacre Sword of the Whale
15257	Shin Blade of the Boar
15258	Divine Warblade of Power
15259	Hefty Battlehammer of Stamina
15260	Stone Hammer of the Boar
15263	Royal Mallet of Strength
15264	Backbreaker of the Monkey
15266	Fierce Mauler of the Monkey
15267	Brutehammer of the Eagle
15271	Colossal Great Axe of the Monkey
15272	Razor Axe of Power
15273	Death Striker of the Eagle
15275	Thaumaturgist Staff of the Eagle
15276	Magus Long Staff of Fiery Wrath
15278	Solstice Staff of the Boar
15279	Ivory Wand of the Whale
15280	Wizard's Hand of Fiery Wrath
15281	Glowstar Rod of Stamina
15282	Dragon Finger of the Falcon
15283	Lunar Wand of the Gorilla
15285	Archer's Longbow
15288	Blasthorn Bow of Marksmanship
15289	Archstrike Bow of Spirit
15291	Harpy Needler of the Monkey
15294	Siege Bow of the Wolf
15322	Smoothbore Gun
15323	Percussion Shotgun of the Falcon
15324	Burnside Rifle of the Wolf
15325	Sharpshooter Harquebus of the Falcon
15340	Pathfinder Cloak of Agility
15391	Jadefire Cap of the Owl
15394	Jadefire Pants of the Eagle
15428	Peerless Belt of the Falcon
15429	Peerless Gloves of the Whale
15434	Supreme Sash of the Falcon
15435	Supreme Shoes of the Bear
15437	Supreme Cape of the Monkey
15439	Supreme Crown of the Owl
15440	Supreme Leggings of Power
15441	Supreme Shoulders of the Owl
15442	Supreme Breastplate of Agility
15513	Grunt's Pauldrons of the Tiger
15617	Bonelink Epaulets of Defense
15644	Ironhide Gauntlets of the Falcon
15666	Impenetrable Pauldrons of the Falcon
15677	Magnificent Shoulders of the Falcon
15679	Triumphant Bracers of the Whale
15680	Triumphant Chestpiece of Power
15681	Triumphant Cloak of the Whale
15683	Triumphant Girdle of the Whale
15686	Triumphant Shoulder Pads of the Falcon
15724	Pattern: Heavy Scorpid Bracers
15725	Pattern: Wicked Leather Gauntlets
15729	Pattern: Chimeric Gloves
15730	Pattern: Red Dragonscale Breastplate
15731	Pattern: Runic Leather Gauntlets
15732	Pattern: Volcanic Leggings
15734	Pattern: Living Shoulders
15737	Pattern: Chimeric Boots
15740	Pattern: Frostsaber Boots
15741	Pattern: Stormshroud Pants
15742	Pattern: Warbear Harness
15743	Pattern: Heavy Scorpid Belt
15744	Pattern: Wicked Leather Headband
15745	Pattern: Runic Leather Belt
15746	Pattern: Chimeric Leggings
15747	Pattern: Frostsaber Leggings
15748	Pattern: Heavy Scorpid Leggings
15752	Pattern: Living Leggings
15753	Pattern: Stormshroud Armor
15755	Pattern: Chimeric Vest
15757	Pattern: Wicked Leather Pants
15758	Pattern: Devilsaur Gauntlets
15759	Pattern: Black Dragonscale Breastplate
15760	Pattern: Ironfeather Breastplate
15761	Pattern: Frostsaber Gloves
15764	Pattern: Stormshroud Shoulders
15765	Pattern: Runic Leather Pants
15768	Pattern: Wicked Leather Belt
15770	Pattern: Black Dragonscale Shoulders
15771	Pattern: Living Breastplate
15773	Pattern: Wicked Leather Armor
15774	Pattern: Heavy Scorpid Shoulders
15776	Pattern: Runic Leather Armor
15779	Pattern: Frostsaber Tunic
15846	Salt Shaker
15930	Imperial Red Scepter
15936	Duskwoven Branch of the Eagle
15938	Mystical Orb of Healing
15939	Councillor's Scepter of the Eagle
15940	Elegant Scepter of the Wolf
15943	Imbued Shield
16022	Arcanite Dragonling
16044	Schematic: Lifelike Mechanical Toad
16050	Schematic: Delicate Arcanite Converter
16051	Schematic: Thorium Shells
16054	Schematic: Arcanite Dragonling
16072	Expert Cookbook
16206	Arcanite Rod
16207	Runed Arcanite Rod
16215	Formula: Enchant Boots - Greater Stamina
16217	Formula: Enchant Shield - Greater Stamina
16218	Formula: Enchant Bracer - Superior Spirit
16220	Formula: Enchant Boots - Spirit
16221	Formula: Enchant Chest - Major Health
16243	Formula: Runed Arcanite Rod
16244	Formula: Enchant Gloves - Greater Strength
16245	Formula: Enchant Boots - Greater Agility
16246	Formula: Enchant Bracer - Superior Strength
16248	Formula: Enchant Weapon - Unholy
16249	Formula: Enchant 2H Weapon - Major Intellect
16250	Formula: Enchant Weapon - Superior Striking
16251	Formula: Enchant Bracer - Superior Stamina
16252	Formula: Enchant Weapon - Crusader
16253	Formula: Enchant Chest - Greater Stats
16255	Formula: Enchant 2H Weapon - Major Spirit
16665	Tome of Tranquilizing Shot
16979	Flarecore Gloves
16980	Flarecore Mantle
16982	Corehound Boots
16984	Black Dragonscale Boots
16989	Fiery Chain Girdle
17007	Stonerender Gauntlets
17015	Dark Iron Reaver
17017	Pattern: Flarecore Mantle
17018	Pattern: Flarecore Gloves
17022	Pattern: Corehound Boots
17023	Pattern: Molten Helm
17025	Pattern: Black Dragonscale Boots
17049	Plans: Fiery Chain Girdle
17051	Plans: Dark Iron Bracers
17052	Plans: Dark Iron Leggings
17053	Plans: Fiery Chain Shoulders
17056	Light Feather
17059	Plans: Dark Iron Reaver
17060	Plans: Dark Iron Destroyer
17068	Deathbringer
17070	Fang of the Mystics
17075	Vis'kag the Bloodletter
17078	Sapphiron Drape
17111	Blazefury Medallion
17112	Empyrean Demolisher
17113	Amberseal Keeper
17333	Aqual Quintessence
17413	Codex: Prayer of Fortitude
17414	Codex: Prayer of Fortitude II
17682	Book: Gift of the Wild
17683	Book: Gift of the Wild II
17713	Blackstone Ring
17714	Bracers of the Stone Princess
17739	Grovekeeper's Drape
17744	Heart of Noxxion
17752	Satyr's Lash
17782	Talisman of Binding Shard
17962	Blue Sack of Gems
17963	Green Sack of Gems
17964	Gray Sack of Gems
17965	Yellow Sack of Gems
17966	Onyxia Hide Backpack
17969	Red Sack of Gems
18043	Coal Miner Boots
18044	Hurley's Tankard
18047	Flame Walkers
18048	Mastersmith's Hammer
18102	Dragonrider Boots
18103	Band of Rumination
18104	Feralsurge Girdle
18168	Force Reactive Disk
18204	Eskhandar's Pelt
18222	Thorny Vine
18223	Serrated Petal
18224	Lasher Root
18231	Sleeveless T-Shirt
18236	Gordok Chew Toy
18239	Pattern: Shadowskin Gloves
18245	Horn of the Black War Wolf
18246	Whistle of the Black War Raptor
18247	Black War Kodo
18249	Crescent Key
18251	Core Armor Kit
18252	Pattern: Core Armor Kit
18254	Runn Tum Tuber Surprise
18259	Formula: Enchant Weapon - Spell Power
18260	Formula: Enchant Weapon - Healing Power
18262	Elemental Sharpening Stone
18263	Flarecore Wraps
18265	Pattern: Flarecore Wraps
18267	Recipe: Runn Tum Tuber Surprise
18268	Gordok Inner Door Key
18282	Core Marksman Rifle
18285	Crystallized Mana Shard
18286	Condensed Mana Fragment
18289	Barbed Thorn Necklace
18291	Schematic: Force Reactive Disk
18292	Schematic: Core Marksman Rifle
18297	Thornling Seed
18301	Lethtendris's Wand
18302	Band of Vigor
18306	Gloves of Shadowy Mist
18308	Clever Hat
18309	Gloves of Restoration
18310	Fiendish Machete
18311	Quel'dorai Channeling Rod
18312	Energized Chestplate
18313	Helm of Awareness
18314	Ring of Demonic Guile
18315	Ring of Demonic Potency
18317	Tempest Talisman
18318	Merciful Greaves
18319	Fervent Helm
18321	Energetic Rod
18322	Waterspout Boots
18323	Satyr's Bow
18325	Felhide Cap
18326	Razor Gauntlets
18327	Whipvine Cord
18328	Shadewood Cloak
18338	Wand of Arcane Potency
18349	Gauntlets of Accuracy
18350	Amplifying Cloak
18351	Magically Sealed Bracers
18352	Petrified Bark Shield
18353	Stoneflower Staff
18354	Pimgib's Collar
18371	Mindtap Talisman
18372	Blade of the New Moon
18373	Chestplate of Tranquility
18374	Flamescarred Shoulders
18376	Timeworn Mace
18379	Odious Greaves
18381	Evil Eye Pendant
18382	Fluctuating Cloak of Shadow Resistance
18383	Force Imbued Gauntlets
18386	Padre's Trousers
18388	Stoneshatter
18389	Cloak of the Cosmos
18390	Tanglemoss Leggings
18391	Eyestalk Cord
18392	Distracting Dagger
18393	Warpwood Binding
18394	Demon Howl Wristguards
18395	Emerald Flame Ring
18396	Mind Carver
18397	Elder Magus Pendant
18415	Pattern: Felcloth Gloves
18432	First Sergeant's Mail Wristguards
18450	Robe of Combustion
18451	Hyena Hide Belt
18458	Modest Armguards
18459	Gallant's Wristguards
18460	Unsophisticated Hand Cannon
18461	Sergeant's Cloak
18462	Jagged Bone Fist
18463	Ogre Pocket Knife
18464	Gordok Nose Ring
18478	Hyena Hide Jerkin
18493	Bulky Iron Spaulders
18494	Denwatcher's Shoulders
18495	Redoubt Cloak
18496	Heliotrope Cloak
18497	Sublime Wristguards
18498	Hedgecutter
18510	Hide of the Wild
18518	Pattern: Hide of the Wild
18521	Grimy Metal Boots
18522	Band of the Ogre King
18527	Harmonious Gauntlets
18529	Elemental Plate Girdle of Frost Resistance
18541	Puissant Cape
18543	Ring of Entropy
18544	Doomhide Gauntlets
18545	Leggings of Arcane Supremacy
18546	Infernal Headcage
18547	Unmelting Ice Girdle
18600	Tome of Arcane Brilliance
18607	Horde Battle Standard
18639	Ultra-Flash Shadow Reflector
18640	Happy Fun Rock
18653	Schematic: Goblin Jumper Cables XL
18654	Schematic: Gnomish Alarm-O-Bot
18657	Schematic: Hyper-Radiant Flame Reflector
18661	Schematic: World Enlarger
18681	Burial Shawl
18682	Ghoul Skin Leggings
18686	Bone Golem Shoulders
18689	Phantasmal Cloak
18691	Dark Advisor's Pendant
18692	Death Knight Sabatons
18694	Shadowy Mail Greaves
18696	Intricately Runed Shield
18698	Tattered Leather Hood
18716	Ash Covered Boots
18717	Hammer of the Grand Crusader
18718	Grand Crusader's Helm
18720	Shroud of the Nathrezim
18721	Barrage Girdle
18723	Animated Chain Necklace
18727	Crimson Felt Hat
18728	Anastari Heirloom
18729	Screeching Bow
18730	Shadowy Laced Handwraps
18734	Pale Moon Cloak
18735	Maleki's Footwraps
18737	Bone Slicing Hatchet
18738	Carapace Spine Crossbow
18739	Chitinous Plate Legguards
18740	Thuzadin Sash
18744	Plaguebat Fur Gloves
18745	Sacred Cloth Leggings
18755	Xorothian Firestick
18758	Specter's Blade
18759	Malicious Axe
18760	Necromantic Band
18761	Oblivion's Touch
18813	Ring of Binding
18845	Insignia of the Horde
18850	Insignia of the Horde
18852	Insignia of the Horde
18853	Insignia of the Horde
18870	Helm of the Lifegiver
18948	Barbaric Bracers
18949	Pattern: Barbaric Bracers
19029	Horn of the Frostwolf Howler
19031	Frostwolf Battle Tabard
19046	Frostwolf Battle Standard
19051	Girdle of the Dawn
19052	Dawn Treaders
19056	Argent Boots
19058	Golden Mantle of the Dawn
19059	Argent Shoulders
19083	Frostwolf Legionnaire's Cloak
19085	Frostwolf Advisor's Cloak
19087	Frostwolf Plate Belt
19088	Frostwolf Mail Belt
19089	Frostwolf Leather Belt
19090	Frostwolf Cloth Belt
19095	Frostwolf Legionnaire's Pendant
19096	Frostwolf Advisor's Pendant
19101	Whiteout Staff
19103	Frostbite
19130	Cold Snap
19131	Snowblind Shoes
19132	Crystal Adorned Crown
19133	Fel Infused Leggings
19134	Flayed Doomguard Belt
19135	Blacklight Bracer
19148	Dark Iron Helm
19149	Lava Belt
19156	Flarecore Robe
19157	Chromatic Gauntlets
19162	Corehound Belt
19163	Molten Belt
19165	Flarecore Leggings
19166	Black Amnesty
19167	Blackfury
19168	Blackguard
19170	Ebon Hand
19183	Hourglass Sand
19203	Plans: Girdle of the Dawn
19205	Plans: Gloves of the Dawn
19206	Plans: Dark Iron Helm
19207	Plans: Dark Iron Gauntlets
19208	Plans: Black Amnesty
19209	Plans: Blackfury
19210	Plans: Ebon Hand
19211	Plans: Blackguard
19212	Plans: Nightfall
19216	Pattern: Argent Boots
19217	Pattern: Argent Shoulders
19218	Pattern: Mantle of the Timbermaw
19219	Pattern: Flarecore Robe
19220	Pattern: Flarecore Leggings
19301	Alterac Manna Biscuit
19308	Tome of Arcane Domination
19309	Tome of Shadow Force
19310	Tome of the Ice Lord
19311	Tome of Fiery Arcana
19312	Lei of the Lifegiver
19315	Therazane's Touch
19316	Ice Threaded Arrow
19317	Ice Threaded Bullet
19318	Bottled Alterac Spring Water
19319	Harpy Hide Quiver
19320	Gnoll Skin Bandolier
19321	The Immovable Object
19323	The Unstoppable Force
19324	The Lobotomizer
19325	Don Julio's Band
19328	Pattern: Dawn Treaders
19329	Pattern: Golden Mantle of the Dawn
19330	Pattern: Lava Belt
19331	Pattern: Chromatic Gauntlets
19332	Pattern: Corehound Belt
19333	Pattern: Molten Belt
19334	The Untamed Blade
19442	Formula: Powerful Anti-Venom
19444	Formula: Enchant Weapon - Strength
19445	Formula: Enchant Weapon - Agility
19446	Formula: Enchant Bracer - Mana Regeneration
19447	Formula: Enchant Bracer - Healing
19448	Formula: Enchant Weapon - Mighty Spirit
19449	Formula: Enchant Weapon - Mighty Intellect
19505	Warsong Battle Tabard
19510	Legionnaire's Band
19511	Legionnaire's Band
19513	Legionnaire's Band
19518	Advisor's Ring
19519	Advisor's Ring
19520	Advisor's Ring
19526	Battle Healer's Cloak
19527	Battle Healer's Cloak
19528	Battle Healer's Cloak
19534	Scout's Medallion
19536	Scout's Medallion
19542	Scout's Blade
19543	Scout's Blade
19550	Legionnaire's Sword
19566	Advisor's Gnarled Staff
19567	Advisor's Gnarled Staff
19569	Advisor's Gnarled Staff
19578	Berserker Bracers
19580	Berserker Bracers
19582	Windtalker's Wristguards
19583	Windtalker's Wristguards
19584	Windtalker's Wristguards
19587	Forest Stalker's Bracers
19589	Forest Stalker's Bracers
19595	Dryad's Wrist Bindings
19596	Dryad's Wrist Bindings
19597	Dryad's Wrist Bindings
19685	Primal Batskin Jerkin
19687	Primal Batskin Bracers
19696	Harvest Bread
19697	Bounty of the Harvest
19771	Pattern: Primal Batskin Bracers
19934	Large Scorpid Claw
19937	Small Scorpid Claw
19938	Heavy Scorpid Leg
19994	Harvest Fruit
19995	Harvest Boar
19996	Harvest Fish
19997	Harvest Nectar
20015	Elder Raptor Feathers
20016	Trophy Raptor Skull
20039	Dark Iron Boots
20040	Plans: Dark Iron Boots
20057	Highlander's Plate Spaulders
20068	Deathguard's Cloak
20070	Sageclaw
20072	Defiler's Talisman
20073	Cloak of the Honor Guard
20150	Defiler's Chain Girdle
20151	Defiler's Chain Girdle
20152	Defiler's Chain Girdle
20153	Defiler's Chain Girdle
20155	Defiler's Chain Greaves
20157	Defiler's Chain Greaves
20158	Defiler's Chain Pauldrons
20160	Defiler's Cloth Boots
20162	Defiler's Cloth Boots
20163	Defiler's Cloth Girdle
20164	Defiler's Cloth Girdle
20165	Defiler's Cloth Girdle
20166	Defiler's Cloth Girdle
20169	Defiler's Lizardhide Boots
20171	Defiler's Lizardhide Girdle
20172	Defiler's Lizardhide Girdle
20173	Defiler's Lizardhide Girdle
20175	Defiler's Lizardhide Shoulders
20176	Defiler's Epaulets
20186	Defiler's Leather Boots
20189	Defiler's Leather Boots
20190	Defiler's Leather Girdle
20191	Defiler's Leather Girdle
20192	Defiler's Leather Girdle
20193	Defiler's Leather Girdle
20194	Defiler's Leather Shoulders
20195	Defiler's Mail Girdle
20196	Defiler's Mail Girdle
20197	Defiler's Mail Girdle
20198	Defiler's Mail Girdle
20203	Defiler's Mail Pauldrons
20204	Defiler's Plate Girdle
20205	Defiler's Plate Girdle
20207	Defiler's Plate Girdle
20212	Defiler's Plate Spaulders
20214	Mindfang
20220	Ironbark Staff
20295	Blue Dragonscale Leggings
20296	Green Dragonscale Gauntlets
20382	Pattern: Dreamscale Breastplate
20426	Advisor's Ring
20442	Scout's Medallion
20507	Pattern: Spitfire Gauntlets
20508	Pattern: Spitfire Breastplate
20510	Pattern: Sandstalker Gauntlets
20511	Pattern: Sandstalker Breastplate
20654	Amethyst War Staff
20655	Abyssal Cloth Handwraps of Sorcery
20656	Abyssal Mail Sabatons of Striking
20658	Abyssal Leather Boots of Restoration
20662	Abyssal Plate Greaves of Striking
20664	Abyssal Cloth Sash of Sorcery
20665	Abyssal Leather Leggings of Striking
20670	Abyssal Mail Clutch of Striking
20671	Abyssal Plate Legplates of Striking
20727	Formula: Enchant Gloves - Shadow Power
20728	Formula: Enchant Gloves - Frost Power
20731	Formula: Enchant Gloves - Superior Agility
20733	Formula: Enchant Cloak - Greater Nature Resistance
20752	Formula: Minor Mana Oil
20753	Formula: Lesser Wizard Oil
20754	Formula: Lesser Mana Oil
20755	Formula: Wizard Oil
20758	Formula: Minor Wizard Oil
20812	Tattered Pelt
20813	Lynx Tooth
20815	Jeweler's Kit
20816	Delicate Copper Wire
20817	Bronze Setting
20818	Elegant Silver Ring
20820	Simple Pearl Ring
20821	Inlaid Malachite Ring
20823	Gloom Band
20824	Simple Grinder
20826	Heavy Silver Ring of Shadow Resistance
20827	Ring of Silver Might
20828	Ring of Twilight Shadows
20830	Amulet of the Moon
20831	Heavy Golden Necklace of Battle
20832	Moonsoul Crown
20842	Frayed Tender Vine
20843	Smashed Petal
20845	Torn Wyrm Scale
20846	Faintly Glowing Eye
20849	Arcane Forged Shortsword
20850	Arcane Forged Axe
20851	Arcane Forged Mace
20852	Arcane Forged Dirk
20853	Mana Gathering Staff
20854	Design: Amulet of the Moon
20855	Design: Wicked Moonstone Ring
20856	Design: Heavy Golden Necklace of Battle
20857	Honey Bread
20901	Warder's Shirt
20906	Braided Copper Ring
20907	Solid Bronze Ring
20909	Barbaric Iron Collar
20910	Stiff Shortbow
20911	Light Guard
20912	Large Shield
20914	Unadorned Chain Belt
20915	Unadorned Chain Boots
20916	Unadorned Chain Bracers
20917	Unadorned Chain Gloves
20918	Unadorned Chain Leggings
20919	Unadorned Chain Vest
20920	Sun Cured Belt
20921	Sun Cured Boots
20922	Sun Cured Bracers
20923	Sun Cured Gloves
20924	Sun Cured Pants
20925	Sun Cured Vest
20950	Pendant of the Agate Shield
20955	Golden Dragon Ring
20958	Blazing Citrine Ring
20959	The Jade Eye
20960	Engraved Truesilver Ring
20961	Citrine Ring of Rapid Healing
20963	Mithril Filigree
20964	Aquamarine Signet of the Tiger
20966	Jade Pendant of Blasting
20967	Citrine Pendant of Golden Healing
20970	Design: Pendant of the Agate Shield
20974	Design: Jade Pendant of Blasting
20975	Design: The Jade Eye
20976	Design: Citrine Pendant of Golden Healing
20985	Light Cloth Shoes
20986	Light Cloth Pants
20987	Light Cloth Gloves
20988	Light Cloth Bracers
20989	Light Cloth Belt
20990	Light Cloth Armor
21002	Unkempt Belt
21003	Unkempt Bracers
21006	Unkempt Pants
21007	Unkempt Robe
21008	Unkempt Shoes
21009	Scraggy Leather Belt
21011	Scraggy Leather Bracers
21012	Scraggy Leather Gloves
21013	Scraggy Leather Pants
21014	Scraggy Leather Vest
21015	Shoddy Chain Belt
21017	Shoddy Chain Pants
21018	Shoddy Chain Gloves
21019	Shoddy Chain Bracers
21020	Shoddy Chain Boots
21021	Battered Shield
21022	Weather Beaten Buckler
21115	Defiler's Talisman
21116	Defiler's Talisman
21120	Defiler's Talisman
21150	Iron Bound Trunk
21151	Rumsey Rum Black Label
21219	Recipe: Sagefish Delight
21228	Mithril Bound Trunk
21278	Stormshroud Gloves
21341	Felcloth Bag
21342	Core Felcloth Bag
21371	Pattern: Core Felcloth Bag
21548	Pattern: Stormshroud Gloves
21563	Don Rodrigo's Band
21565	Rune of Perfection
21566	Rune of Perfection
21567	Rune of Duty
21748	Figurine - Jade Owl
21752	Thorium Setting
21753	Gem Studded Band
21754	The Aquamarine Ward
21755	Aquamarine Pendant of the Warrior
21758	Figurine - Black Pearl Panther
21764	Ruby Pendant of Fire
21765	Truesilver Healing Ring
21766	Opal Necklace of Impact
21767	Simple Opal Ring
21768	Sapphire Signet of the Whale
21769	Figurine - Ruby Serpent
21775	Onslaught Ring
21778	Ring of Bitter Shadows
21779	Band of Natural Fire
21790	Sapphire Pendant of Winter Night
21792	Necklace of the Diamond Tower
21793	Arcanite Sword Pendant
21835	Anesthetic Poison
21840	Bolt of Netherweave
21841	Netherweave Bag
21842	Bolt of Imbued Netherweave
21843	Imbued Netherweave Bag
21844	Bolt of Soulcloth
21845	Primal Mooncloth
21846	Spellfire Belt
21847	Spellfire Gloves
21848	Spellfire Robe
21849	Netherweave Bracers
21850	Netherweave Belt
21851	Netherweave Gloves
21852	Netherweave Pants
21853	Netherweave Boots
21854	Netherweave Robe
21855	Netherweave Tunic
21858	Spellfire Bag
21859	Imbued Netherweave Pants
21860	Imbued Netherweave Boots
21861	Imbued Netherweave Robe
21862	Imbued Netherweave Tunic
21863	Soulcloth Gloves
21864	Soulcloth Shoulders
21867	Arcanoweave Boots
21869	Frozen Shadoweave Shoulders
21870	Frozen Shadoweave Boots
21871	Frozen Shadoweave Robe
21872	Ebon Shadowbag
21873	Primal Mooncloth Belt
21874	Primal Mooncloth Shoulders
21875	Primal Mooncloth Robe
21876	Primal Mooncloth Bag
21877	Netherweave Cloth
21881	Netherweb Spider Silk
21882	Soul Essence
21884	Primal Fire
21885	Primal Water
21886	Primal Life
21887	Knothide Leather
21892	Pattern: Bolt of Imbued Netherweave
21893	Pattern: Imbued Netherweave Bag
21894	Pattern: Bolt of Soulcloth
21895	Pattern: Primal Mooncloth
21896	Pattern: Netherweave Robe
21897	Pattern: Netherweave Tunic
21898	Pattern: Imbued Netherweave Pants
21899	Pattern: Imbued Netherweave Boots
21900	Pattern: Imbued Netherweave Robe
21901	Pattern: Imbued Netherweave Tunic
21902	Pattern: Soulcloth Gloves
21903	Pattern: Soulcloth Shoulders
21904	Pattern: Soulcloth Vest
21905	Pattern: Arcanoweave Bracers
21906	Pattern: Arcanoweave Boots
21907	Pattern: Arcanoweave Robe
21908	Pattern: Spellfire Belt
21909	Pattern: Spellfire Gloves
21910	Pattern: Spellfire Robe
21911	Pattern: Spellfire Bag
21912	Pattern: Frozen Shadoweave Shoulders
21913	Pattern: Frozen Shadoweave Robe
21914	Pattern: Frozen Shadoweave Boots
21915	Pattern: Ebon Shadowbag
21916	Pattern: Primal Mooncloth Belt
21917	Pattern: Primal Mooncloth Robe
21918	Pattern: Primal Mooncloth Shoulders
21919	Pattern: Primal Mooncloth Bag
21927	Instant Poison VII
21929	Flame Spessarite
21931	Woven Copper Ring
21932	Heavy Copper Ring
21933	Thick Bronze Necklace
21934	Ornate Tigerseye Necklace
21940	Design: Golden Hare
21941	Design: Black Pearl Panther
21942	Design: Ruby Crown of Restoration
21943	Design: Truesilver Crab
21944	Design: Truesilver Boar
21945	Design: The Aquamarine Ward
21947	Design: Gem Studded Band
21948	Design: Opal Necklace of Impact
21949	Design: Ruby Serpent
21952	Design: Emerald Crown of Destruction
21953	Design: Emerald Owl
21954	Design: Ring of Bitter Shadows
21955	Design: Black Diamond Crab
21956	Design: Dark Iron Scorpid
21957	Design: Necklace of the Diamond Tower
21958	Design: Arcanite Sword Pendant
21990	Netherweave Bandage
21991	Heavy Netherweave Bandage
21992	Manual: Netherweave Bandage
21993	Manual: Heavy Netherweave Bandage
22012	Master First Aid - Doctor in the House
22018	Conjured Glacier Water
22019	Conjured Croissant
22044	Mana Emerald
22053	Deadly Poison VI
22054	Deadly Poison VII
22055	Wound Poison V
22103	Master Healthstone
22104	Master Healthstone
22105	Master Healthstone
22116	Master Soulstone
22128	Master Firestone
22146	Book: Gift of the Wild III
22147	Flintweed Seed
22148	Wild Quillvine
22153	Tome of Arcane Brilliance 2
22179	Grimoire of Firebolt (Rank 8)
22180	Grimoire of Blood Pact (Rank 6)
22181	Grimoire of Fire Shield (Rank 6)
22182	Grimoire of Torment (Rank 7)
22183	Grimoire of Suffering (Rank 5)
22184	Grimoire of Consume Shadows (Rank 7)
22185	Grimoire of Sacrifice (Rank 7)
22186	Grimoire of Lash of Pain (Rank 7)
22187	Grimoire of Soothing Kiss (Rank 5)
22188	Grimoire of Devour Magic (Rank 5)
22189	Grimoire of Devour Magic (Rank 6)
22190	Grimoire of Tainted Blood (Rank 5)
22204	Wristguards of Renown
22205	Black Steel Bindings
22207	Sash of the Grand Hunt
22208	Lavastone Hammer
22212	Golem Fitted Pauldrons
22214	Plans: Light Obsidian Belt
22219	Plans: Jagged Obsidian Shield
22223	Foreman's Head Protector
22225	Dragonskin Cowl
22231	Kayser's Boots of Precision
22232	Marksman's Girdle
22234	Mantle of Lost Hope
22240	Greaves of Withering Despair
22241	Dark Warder's Pauldrons
22242	Verek's Leash
22245	Soot Encrusted Footwear
22247	Faith Healer's Boots
22248	Enchanted Runecloth Bag
22249	Big Bag of Enchantment
22253	Tome of the Lost
22254	Wand of Eternal Light
22255	Magma Forged Band
22256	Mana Shaping Handwraps
22267	Spellweaver's Turban
22268	Draconic Infused Emblem
22269	Shadow Prowler's Cloak
22271	Leggings of Frenzied Magic
22275	Firemoss Boots
22302	Ironweave Cowl
22307	Pattern: Enchanted Mageweave Pouch
22308	Pattern: Enchanted Runecloth Bag
22309	Pattern: Big Bag of Enchantment
22311	Ironweave Boots
22312	Pattern: Satchel of Cenarius
22313	Ironweave Bracers
22314	Huntsman's Harpoon
22317	Lefty's Brass Knuckle
22321	Heart of Wyrmthalak
22325	Belt of the Trickster
22327	Amulet of the Redeemed
22331	Band of the Steadfast Hero
22334	Band of Mending
22335	Lord Valthalak's Staff of Command
22336	Draconian Aegis of the Legion
22337	Shroud of Domination
22339	Rune Band of Wizardry
22340	Pendant of Celerity
22342	Leggings of Torment
22343	Handguards of Savagery
22390	Plans: Persuader
22393	Codex: Prayer of Shadow Protection
22394	Staff of Metanoia
22395	Totem of Rage
22397	Idol of Ferocity
22400	Libram of Truth
22403	Nacreous Shell Necklace
22404	Willey's Back Scratcher
22405	Mantle of the Scarlet Crusade
22406	Redemption
22407	Helm of the New Moon
22408	Ritssyn's Wand of Bad Mojo
22409	Tunic of the Crescent Moon
22410	Gauntlets of Deftness
22411	Helm of the Executioner
22412	Thuzadin Mantle
22433	Don Mauricio's Band of Domination
22445	Arcane Dust
22446	Greater Planar Essence
22447	Lesser Planar Essence
22448	Small Prismatic Shard
22449	Large Prismatic Shard
22450	Void Crystal
22451	Primal Air
22452	Primal Earth
22456	Primal Shadow
22457	Primal Mana
22459	Void Sphere
22460	Prismatic Sphere
22461	Runed Fel Iron Rod
22462	Runed Adamantite Rod
22463	Runed Eternium Rod
22521	Superior Mana Oil
22522	Superior Wizard Oil
22530	Formula: Enchant Bracer - Major Defense
22532	Formula: Enchant Bracer - Restore Mana Prime
22533	Formula: Enchant Bracer - Fortitude
22534	Formula: Enchant Bracer - Spellpower
22535	Formula: Enchant Ring - Striking
22536	Formula: Enchant Ring - Spellpower
22537	Formula: Enchant Ring - Healing Power
22538	Formula: Enchant Ring - Stats
22539	Formula: Enchant Shield - Intellect
22540	Formula: Enchant Shield - Shield Block
22541	Formula: Enchant Shield - Resistance
22542	Formula: Enchant Boots - Vitality
22543	Formula: Enchant Boots - Fortitude
22544	Formula: Enchant Boots - Dexterity
22545	Formula: Enchant Boots - Surefooted
22547	Formula: Enchant Chest - Exceptional Stats
22548	Formula: Enchant Cloak - Major Resistance
22552	Formula: Enchant Weapon - Major Striking
22553	Formula: Enchant Weapon - Potency
22554	Formula: Enchant 2H Weapon - Savagery
22555	Formula: Enchant Weapon - Major Spellpower
22556	Formula: Enchant 2H Weapon - Major Agility
22557	Formula: Enchant Weapon - Battlemaster
22558	Formula: Enchant Weapon - Spellsurge
22559	Formula: Enchant Weapon - Mongoose
22560	Formula: Enchant Weapon - Sunfire
22561	Formula: Enchant Weapon - Soulfrost
22562	Formula: Superior Mana Oil
22563	Formula: Superior Wizard Oil
22565	Formula: Large Prismatic Shard
22572	Mote of Air
22573	Mote of Earth
22574	Mote of Fire
22575	Mote of Life
22576	Mote of Mana
22577	Mote of Shadow
22578	Mote of Water
22646	Master Spellstone
22683	Pattern: Gaea's Embrace
22754	Eternal Quintessence
22766	Plans: Ironvine Breastplate
22767	Plans: Ironvine Gloves
22770	Pattern: Bramblewood Boots
22771	Pattern: Bramblewood Helm
22773	Pattern: Sylvan Crown
22774	Pattern: Sylvan Vest
22785	Felweed
22788	Flame Cap
22789	Terocone
22791	Netherbloom
22792	Nightmare Vine
22793	Mana Thistle
22794	Fel Lotus
22795	Fel Blossom
22797	Nightmare Seed
22823	Elixir of Camouflage
22824	Elixir of Major Strength
22825	Elixir of Healing Power
22826	Sneaking Potion
22827	Elixir of Major Frost Power
22828	Insane Strength Potion
22829	Super Healing Potion
22830	Elixir of the Searching Eye
22831	Elixir of Major Agility
22832	Super Mana Potion
22833	Elixir of Major Firepower
22834	Elixir of Major Defense
22835	Elixir of Major Shadow Power
22836	Major Dreamless Sleep Potion
22837	Heroic Potion
22838	Haste Potion
22839	Destruction Potion
22840	Elixir of Major Mageblood
22841	Major Fire Protection Potion
22842	Major Frost Protection Potion
22844	Major Nature Protection Potion
22846	Major Shadow Protection Potion
22848	Elixir of Empowerment
22849	Ironshield Potion
22850	Super Rejuvenation Potion
22851	Flask of Fortification
22853	Flask of Mighty Restoration
22854	Flask of Relentless Assault
22861	Flask of Blinding Light
22862	Blood Guard's Chain Vices
22866	Flask of Pure Death
22890	Tome of Frost Ward V
22897	Tome of Conjure Food VII
22900	Recipe: Elixir of Camouflage
22901	Recipe: Sneaking Potion
22902	Recipe: Elixir of Major Frost Power
22903	Recipe: Insane Strength Potion
22904	Recipe: Elixir of the Searching Eye
22905	Recipe: Elixir of Major Agility
22906	Recipe: Shrouding Potion
22907	Recipe: Super Mana Potion
22908	Recipe: Elixir of Major Firepower
22909	Recipe: Elixir of Major Defense
22910	Recipe: Elixir of Major Shadow Power
22911	Recipe: Major Dreamless Sleep Potion
22912	Recipe: Heroic Potion
22913	Recipe: Haste Potion
22914	Recipe: Destruction Potion
22915	Recipe: Transmute Primal Air to Fire
22916	Recipe: Transmute Primal Earth to Water
22917	Recipe: Transmute Primal Fire to Earth
22918	Recipe: Transmute Primal Water to Air
22919	Recipe: Elixir of Major Mageblood
22920	Recipe: Major Fire Protection Potion
22921	Recipe: Major Frost Protection Potion
22922	Recipe: Major Nature Protection Potion
22923	Recipe: Major Arcane Protection Potion
22924	Recipe: Major Shadow Protection Potion
22925	Recipe: Major Holy Protection Potion
22926	Recipe: Elixir of Empowerment
22927	Recipe: Ironshield Potion
22985	Suncrown Hauberk
22986	Apothecary's Robe
22987	Deathstalker's Vest
22990	Tranquillien Champion's Cloak
22991	Apprentice Boots
22992	Bogwalker Boots
22993	Volunteer's Greaves
23072	Fists of the Unrelenting
23077	Blood Garnet
23079	Deep Peridot
23094	Teardrop Blood Garnet
23095	Bold Blood Garnet
23096	Runed Blood Garnet
23097	Delicate Blood Garnet
23098	Inscribed Flame Spessarite
23099	Luminous Flame Spessarite
23100	Glinting Flame Spessarite
23101	Potent Flame Spessarite
23103	Radiant Deep Peridot
23104	Jagged Deep Peridot
23106	Dazzling Deep Peridot
23107	Shadow Draenite
23108	Glowing Shadow Draenite
23110	Shifting Shadow Draenite
23111	Sovereign Shadow Draenite
23112	Golden Draenite
23113	Brilliant Golden Draenite
23114	Gleaming Golden Draenite
23115	Thick Golden Draenite
23116	Rigid Golden Draenite
23117	Azure Moonstone
23118	Solid Azure Moonstone
23119	Sparkling Azure Moonstone
23120	Stormy Azure Moonstone
23121	Lustrous Azure Moonstone
23130	Design: Teardrop Blood Garnet
23131	Design: Bold Blood Garnet
23133	Design: Runed Blood Garnet
23134	Design: Delicate Blood Garnet
23135	Design: Inscribed Flame Spessarite
23136	Design: Luminous Flame Spessarite
23137	Design: Glinting Flame Spessarite
23138	Design: Potent Flame Spessarite
23140	Design: Radiant Deep Peridot
23141	Design: Jagged Deep Peridot
23142	Design: Enduring Deep Peridot
23143	Design: Dazzling Deep Peridot
23144	Design: Glowing Shadow Draenite
23145	Design: Royal Shadow Draenite
23146	Design: Shifting Shadow Draenite
23147	Design: Sovereign Shadow Draenite
23148	Design: Brilliant Golden Draenite
23149	Design: Gleaming Golden Draenite
23150	Design: Thick Golden Draenite
23151	Design: Rigid Golden Draenite
23152	Design: Solid Azure Moonstone
23153	Design: Sparkling Azure Moonstone
23154	Design: Stormy Azure Moonstone
23155	Design: Lustrous Azure Moonstone
23192	Tabard of the Scarlet Crusade
23197	Idol of the Moon
23198	Idol of Brutality
23199	Totem of the Storm
23200	Totem of Sustaining
23203	Libram of Fervor
23320	Tablet of Flame Shock VI
23334	Cracked Power Core
23346	Battleworn Claymore
23353	Mana Residue
23354	Crystalized Mana Residue
23355	Toxic Helboar Meat
23380	Broken Power Core
23381	Chipped Power Core
23383	Ripped Wyrm Scale
23384	Dimly Glowing Eye
23385	Dormant Mana Powder
23386	Condensed Mana Powder
23399	Fallen Apprentice's Robe
23425	Adamantite Ore
23426	Khorium Ore
23427	Eternium Ore
23436	Living Ruby
23437	Talasite
23438	Star of Elune
23439	Noble Topaz
23440	Dawnstone
23441	Nightseye
23445	Fel Iron Bar
23446	Adamantite Bar
23447	Eternium Bar
23448	Felsteel Bar
23449	Khorium Bar
23482	Fel Iron Plate Gloves
23484	Fel Iron Plate Belt
23487	Fel Iron Plate Boots
23488	Fel Iron Plate Pants
23489	Fel Iron Breastplate
23491	Fel Iron Chain Gloves
23493	Fel Iron Chain Coif
23494	Fel Iron Chain Bracers
23497	Fel Iron Hatchet
23499	Fel Iron Greatsword
23503	Adamantite Cleaver
23504	Adamantite Dagger
23505	Adamantite Rapier
23508	Adamantite Plate Gloves
23509	Enchanted Adamantite Breastplate
23510	Enchanted Adamantite Belt
23511	Enchanted Adamantite Boots
23514	Flamebane Gloves
23517	Felsteel Gloves
23518	Felsteel Leggings
23519	Felsteel Helm
23520	Ragesteel Gloves
23521	Ragesteel Helm
23522	Ragesteel Breastplate
23523	Khorium Pants
23524	Khorium Belt
23525	Khorium Boots
23528	Fel Sharpening Stone
23529	Adamantite Sharpening Stone
23530	Felsteel Shield Spike
23531	Felfury Gauntlets
23532	Gauntlets of the Iron Tower
23533	Steelgrip Gauntlets
23534	Storm Helm
23535	Helm of the Stalwart Defender
23536	Oathkeeper's Helm
23537	Black Felsteel Bracers
23538	Bracers of the Green Fortress
23539	Blessed Bracers
23540	Felsteel Longblade
23541	Khorium Champion
23542	Fel Edged Battleaxe
23543	Felsteel Reaper
23544	Runic Hammer
23546	Fel Hardened Maul
23554	Eternium Runed Blade
23555	Dirge
23556	Hand of Eternity
23559	Lesser Rune of Warding
23564	Twisting Nether Chain Shirt
23571	Primal Might
23572	Primal Nether
23573	Hardened Adamantite Bar
23574	Recipe: Transmute Primal Might
23575	Lesser Ward of Shielding
23576	Greater Ward of Shielding
23590	Plans: Adamantite Maul
23591	Plans: Adamantite Cleaver
23592	Plans: Adamantite Dagger
23593	Plans: Adamantite Rapier
23595	Plans: Adamantite Plate Gloves
23597	Plans: Enchanted Adamantite Belt
23598	Plans: Enchanted Adamantite Boots
23599	Plans: Enchanted Adamantite Breastplate
23600	Plans: Enchanted Adamantite Leggings
23601	Plans: Flamebane Bracers
23602	Plans: Flamebane Helm
23603	Plans: Flamebane Gloves
23604	Plans: Flamebane Breastplate
23605	Plans: Felsteel Gloves
23606	Plans: Felsteel Leggings
23607	Plans: Felsteel Helm
23608	Plans: Khorium Belt
23610	Plans: Khorium Boots
23615	Plans: Swiftsteel Gloves
23617	Plans: Earthpeace Breastplate
23618	Plans: Adamantite Sharpening Stone
23621	Plans: Gauntlets of the Iron Tower
23625	Plans: Oathkeeper's Helm
23626	Plans: Black Felsteel Bracers
23627	Plans: Bracers of the Green Fortress
23628	Plans: Blessed Bracers
23631	Plans: Fel Edged Battleaxe
23633	Plans: Runic Hammer
23635	Plans: Eternium Runed Blade
23638	Plans: Lesser Ward of Shielding
23639	Plans: Greater Ward of Shielding
23657	Dawn Runner Cargo
23711	Grimoire of Intercept (Rank 1)
23723	Warchief Kargath's Fist
23730	Grimoire of Intercept (Rank 2)
23731	Grimoire of Intercept (Rank 3)
23734	Grimoire of Cleave (Rank 1)
23735	Grand Warlock's Amulet
23745	Grimoire of Cleave (Rank 2)
23748	Ornate Khorium Rifle
23755	Grimoire of Cleave (Rank 3)
23758	Cogspinner Goggles of the Bandit
23763	Hyper-Vision Goggles
23764	Adamantite Scope
23766	Stabilized Eternium Scope
23768	White Smoke Flare
23769	Red Smoke Flare
23781	Elemental Blasting Powder
23782	Fel Iron Casing
23783	Handful of Fel Iron Bolts
23784	Adamantite Frame
23785	Hardened Adamantite Tube
23787	Felsteel Stabilizer
23793	Heavy Knothide Leather
23797	Diabolical Plans
23799	Schematic: Adamantite Rifle
23802	Schematic: Ornate Khorium Rifle
23803	Schematic: Cogspinner Goggles
23805	Schematic: Ultra-Spectropic Detection Goggles
23807	Schematic: Adamantite Scope
23808	Schematic: Khorium Scope
23809	Schematic: Stabilized Eternium Scope
23811	Schematic: White Smoke Flare
23814	Schematic: Green Smoke Flare
23816	Schematic: Fel Iron Toolbox
23819	Elemental Seaforium Charge
23821	Zapthrottle Mote Extractor
23825	Nigh Invulnerability Belt
23827	Super Sapper Charge
23828	Gnomish Power Goggles
23835	Gnomish Poultryizer
23836	Goblin Rocket Launcher
23857	Legacy of the Mountain King
23858	Singed Page
23862	Redemption of the Fallen
23864	Torment of the Worgen
23865	Wrath of the Titans
23867	Singed Page
23868	Singed Page
23874	Schematic: Elemental Seaforium Charge
23883	Schematic: Healing Potion Injector
23887	Schematic: Rocket Boots Xtreme
23892	Ominous Letter
23933	Medivh's Journal
23934	Medivh's Journal
23938	Pristine Ravager Carapace
23965	Chipped Ravager Claw
23976	Gnarled Ravager Carapace
23977	Gnarled Ravager Fang
23978	Gnarled Ravager Claw
23979	Chipped Ravager Carapace
24000	Formula: Enchant Bracer - Superior Healing
24001	Recipe: Elixir of Major Agility
24002	Plans: Felsteel Shield Spike
24003	Formula: Enchant Chest - Exceptional Stats
24004	Thrallmar Tabard
24006	Grunt's Waterskin
24009	Dried Fruit Rations
24020	Shadowrend Longblade
24021	Light-Touched Breastplate
24022	Scale Leggings of the Skirmisher
24023	Bracers of Finesse
24024	Pauldrons of Arcane Rage
24027	Bold Living Ruby
24028	Delicate Living Ruby
24029	Teardrop Living Ruby
24030	Runed Living Ruby
24031	Bright Living Ruby
24032	Subtle Living Ruby
24033	Solid Star of Elune
24035	Sparkling Star of Elune
24036	Flashing Living Ruby
24037	Lustrous Star of Elune
24039	Stormy Star of Elune
24044	Hellreaver
24045	Band of Renewal
24046	Kilt of Rolling Thunders
24047	Brilliant Dawnstone
24048	Smooth Dawnstone
24050	Gleaming Dawnstone
24051	Rigid Dawnstone
24052	Thick Dawnstone
24053	Mystic Dawnstone
24054	Sovereign Nightseye
24055	Shifting Nightseye
24056	Glowing Nightseye
24057	Royal Nightseye
24058	Inscribed Noble Topaz
24059	Potent Noble Topaz
24060	Luminous Noble Topaz
24061	Glinting Noble Topaz
24062	Enduring Talasite
24063	Shifting Sash of Midnight
24064	Ironsole Clompers
24065	Dazzling Talasite
24066	Radiant Talasite
24067	Jagged Talasite
24069	Crystalfire Staff
24073	Garrote-String Necklace
24074	Fel Iron Blood Ring
24075	Golden Draenite Ring
24076	Azure Moonstone Ring
24077	Thick Adamantite Necklace
24078	Heavy Adamantite Ring
24082	Khorium Inferno Band
24083	Lifegiver Britches
24086	Arcane Khorium Band
24088	Delicate Eternium Ring
24090	Bloodstained Ravager Gauntlets
24091	Tenacious Defender
24092	Pendant of Frozen Flame
24093	Pendant of Thawing
24094	Heart Fire Warhammer
24095	Pendant of Withering
24096	Heartblood Prayer Beads
24101	Book of Ferocious Bite V
24102	Manual of Eviscerate IX
24114	Braided Eternium Chain
24116	Eye of the Night
24117	Embrace of the Dawn
24121	Chain of the Twilight Owl
24123	Circlet of Arcane Might
24124	Figurine - Felsteel Boar
24125	Figurine - Dawnstone Crab
24126	Figurine - Living Ruby Serpent
24128	Figurine - Nightseye Panther
24139	Faint Arcane Essence
24140	Blackened Urn
24143	Initiate's Shirt
24145	Initiate's Pants
24146	Initiate's Boots
24150	Mok'Nathal Wildercloak
24151	Mok'Nathal Clan Ring
24152	Charred Bone Fragment
24154	Witching Band
24155	Ursol's Claw
24159	Design: Khorium Band of Frost
24160	Design: Khorium Inferno Band
24161	Design: Khorium Band of Leaves
24162	Design: Arcane Khorium Band
24163	Design: Heavy Felsteel Ring
24164	Design: Delicate Eternium Ring
24165	Design: Blazing Eternium Band
24166	Design: Thick Felsteel Necklace
24167	Design: Living Ruby Pendant
24168	Design: Braided Eternium Chain
24169	Design: Eye of the Night
24170	Design: Embrace of the Dawn
24171	Design: Chain of the Twilight Owl
24172	Design: Coronet of Verdant Flame
24173	Design: Circlet of Arcane Might
24174	Design: Pendant of Frozen Flame
24175	Design: Pendant of Thawing
24176	Design: Pendant of Withering
24177	Design: Pendant of Shadow's End
24178	Design: Pendant of the Null Rune
24179	Design: Felsteel Boar
24181	Design: Living Ruby Serpent
24182	Design: Talasite Owl
24183	Design: Nightseye Panther
24186	Copper Powder
24188	Tin Powder
24189	Crystalline Fragments
24192	Design: Bright Living Ruby
24193	Design: Bold Living Ruby
24194	Design: Delicate Living Ruby
24195	Design: Teardrop Living Ruby
24196	Design: Runed Living Ruby
24197	Design: Subtle Living Ruby
24198	Design: Flashing Living Ruby
24199	Design: Solid Star of Elune
24200	Design: Sparkling Star of Elune
24201	Design: Lustrous Star of Elune
24202	Design: Stormy Star of Elune
24203	Design: Brilliant Dawnstone
24204	Design: Smooth Dawnstone
24205	Design: Rigid Dawnstone
24206	Design: Gleaming Dawnstone
24207	Design: Thick Dawnstone
24208	Design: Mystic Dawnstone
24209	Design: Sovereign Nightseye
24210	Design: Shifting Nightseye
24211	Design: Glowing Nightseye
24212	Design: Royal Nightseye
24213	Design: Inscribed Noble Topaz
24214	Design: Potent Noble Topaz
24215	Design: Luminous Noble Topaz
24216	Design: Glinting Noble Topaz
24217	Design: Enduring Talasite
24218	Design: Radiant Talasite
24219	Design: Dazzling Talasite
24220	Design: Jagged Talasite
24235	Thorium Powder
24243	Adamantite Powder
24250	Bracers of Havok
24252	Cloak of the Black Void
24253	Cloak of Eternity
24254	White Remedy Cape
24255	Unyielding Girdle
24256	Girdle of Ruination
24258	Resolute Cape
24259	Vengeance Wrap
24261	Whitemend Pants
24262	Spellstrike Pants
24263	Battlecast Pants
24264	Whitemend Hood
24266	Spellstrike Hood
24267	Battlecast Hood
24268	Netherweave Net
24270	Bag of Jewels
24271	Spellcloth
24272	Shadowcloth
24273	Mystic Spellthread
24274	Runic Spellthread
24275	Silver Spellthread
24276	Golden Spellthread
24289	Chrono-beacon
24292	Pattern: Mystic Spellthread
24293	Pattern: Silver Spellthread
24294	Pattern: Runic Spellthread
24295	Pattern: Golden Spellthread
24297	Pattern: Bracers of Havok
24298	Pattern: Blackstrike Bracers
24299	Pattern: Cloak of the Black Void
24302	Pattern: Unyielding Girdle
24303	Pattern: Girdle of Ruination
24304	Pattern: Black Belt of Knowledge
24305	Pattern: Resolute Cape
24306	Pattern: Vengeance Wrap
24307	Pattern: Manaweave Cloak
24308	Pattern: Whitemend Pants
24309	Pattern: Spellstrike Pants
24310	Pattern: Battlecast Pants
24311	Pattern: Whitemend Hood
24312	Pattern: Spellstrike Hood
24313	Pattern: Battlecast Hood
24314	Pattern: Bag of Jewels
24316	Pattern: Spellcloth
24356	Wastewalker Shiv
24357	Vest of Living Lightning
24359	Princely Reign Leggings
24360	Tracker's Belt
24361	Spellfire Longsword
24362	Spore-Soaked Vaneer
24363	Unscarred Breastplate
24364	Azureplate Greaves
24365	Deft Handguards
24366	Scorpid-Sting Mantle
24367	Orders from Lady Vashj
24368	Coilfang Armaments
24376	Runed Fungalcap
24378	Coilfang Hammer of Renewal
24379	Bogstrok Scale Cloak
24380	Calming Spore Reed
24381	Coilfang Needler
24384	Diamond-Core Sledgemace
24385	Pendant of Battle-Lust
24386	Libram of Saints Departed
24387	Ironblade Gauntlets
24388	Girdle of the Gale Storm
24389	Legion Blunderbuss
24390	Auslese's Light Channeler
24391	Kilt of the Night Strider
24392	Arcing Bracers
24393	Bloody Surgeon's Mitts
24394	Warsong Howling Axe
24395	Mindfire Waistband
24396	Vest of Vengeance
24397	Raiments of Divine Authority
24398	Mantle of the Dusk-Dweller
24403	Common Fern
24404	Ruined Specimen
24405	Common Azerothian Species
24406	Common Flower
24408	Edible Stalks
24413	Totem of the Thunderhead
24417	Scout's Arrow
24429	Expedition Flare
24450	Manaspark Gloves
24451	Lykul Bloodbands
24452	Starlight Gauntlets
24453	Zangartooth Shortblade
24454	Cloak of Enduring Swiftness
24455	Tunic of the Nightwatcher
24456	Greaves of the Iron Guardian
24457	Truth Bearer Shoulderguards
24458	Studded Girdle of Virtue
24459	Cloak of Healing Rays
24460	Talisman of Tenacity
24461	Hatebringer
24462	Luminous Pearls of Insight
24463	Pauldrons of Brute Force
24464	The Stalker's Fangs
24465	Shamblehide Chestguard
24466	Skulldugger's Leggings
24474	Violet Scrying Crystal
24476	Jaggal Clam
24477	Jaggal Clam Meat
24478	Jaggal Pearl
24479	Shadow Pearl
24480	Ghostly Essence
24481	Robes of the Augurer
24482	Alturus's Report
24487	Second Key Fragment
24488	Third Key Fragment
24489	Restored Apprentice's Key
24490	The Master's Key
24492	Keanna's Log
24494	Tears of the Goddess
24507	Elemental Shard
24508	Elemental Fragment
24510	Primordial Core
24511	Primordial Essence
24514	First Key Fragment
24516	Damaged Rock Flayer Talon
24517	Blood Soaked Tail
24519	Twisted Rock Flayer Talon
24522	Thrallmar Favor
24538	Fire Bomb
24539	Marsh Lichen
24540	Edible Fern
24544	Gladiator's Plate Chestpiece
24545	Gladiator's Plate Helm
24546	Gladiator's Plate Shoulders
24547	Gladiator's Plate Legguards
24549	Gladiator's Plate Gauntlets
24550	Gladiator's Greatsword
24551	Talisman of the Horde
24552	Gladiator's Dreadweave Robe
24553	Gladiator's Dreadweave Hood
24554	Gladiator's Dreadweave Mantle
24555	Gladiator's Dreadweave Leggings
24556	Gladiator's Dreadweave Gloves
24557	Gladiator's War Staff
24575	Outlander's Girdle of the Owl
24576	Loosely Threaded Belt
24577	Loosely Threaded Boots
24578	Loosely Threaded Bracers
24580	Loosely Threaded Hat
24583	Outlander's Tunic of Shadow Wrath
24584	Outlander's Gloves of Shadow Wrath
24585	Outlander's Facewrap of Stamina
24586	Outlander's Leggings of Shadow Wrath
24588	Outlander's Bracers of Shadow Wrath
24589	Fireheart Girdle of the Sorcerer
24591	Fireheart Chestpiece of Shadow Wrath
24592	Fireheart Gloves of Shadow Wrath
24593	Fireheart Skullcap of Frozen Wrath
24594	Fireheart Leggings of Healing
24595	Fireheart Shoulderpads of Stamina
24596	Fireheart Bracers of the Physician
24597	Starfire Sash of the Sorcerer
24598	Starfire Sandals of Shadow Protection
24599	Starfire Vest of Shadow Wrath
24600	Starfire Gloves of Shadow Wrath
24601	Starfire Circlet of the Prophet
24602	Starfire Trousers of the Eagle
24603	Starfire Mantle of Shadow Protection
24604	Starfire Wristwraps of Stamina
24605	Laughing Skull Waistguard of Shadow Wrath
24606	Laughing Skull Boot of the Physician
24607	Laughing Skull Tunic of Stamina
24608	Laughing Skull Gloves of the Prophet
24609	Laughing Skull Cap of the Owl
24610	Laughing Skull Pants of Spirit
24611	Laughing Skull Shoulderpads of Nature Protection
24612	Laughing Skull Bracelets of Shadow Wrath
24613	Vindicator Belt of Shadow Protection
24614	Vindicator Boots of Shadow Wrath
24615	Vindicator Tunic of Shadow Wrath
24616	Vindicator Gloves of the Invoker
24617	Vindicator Cap of Shadow Wrath
24618	Vindicator Pants of the Prophet
24619	Vindicator Shoulderpads of the Eagle
24620	Vindicator Bracers of Shadow Wrath
24621	Slavehandler Belt of the Whale
24622	Slavehandler Footpads of Shadow Wrath
24623	Slavehandler Jerkin of Shadow Wrath
24624	Slavehandler Handwraps of the Invoker
24625	Slavehandler Cap of the Invoker
24626	Slavehandler Pants of the Prophet
24627	Slavehandler Amice of Shadow Wrath
24628	Slavehandler Wristguards of the Sorcerer
24629	Feralfen Sash of Frost Protection
24630	Feralfen Sandals of the Sorcerer
24631	Feralfen Jerkin of Stamina
24632	Feralfen Hand of Fire Protection
24633	Feralfen Hood of Stamina
24634	Feralfen Pants of the Invoker
24635	Feralfen Amice of Shadow Wrath
24636	Feralfen Cuffs of Shadow Wrath
24637	Mistyreed Belt of Intellect
24638	Mistyreed Boot of Shadow Wrath
24639	Mistyreed Tunic of Spirit
24640	Mistyreed Gloves of Intellect
24641	Mistyreed Hood of the Whale
24642	Mistyreed Pants of the Owl
24643	Mistyreed Shoulderpads of the Invoker
24644	Mistyreed Bracer of the Sorcerer
24645	Astralaan Belt of Spirit
24646	Astralaan Boots of the Prophet
24647	Astralaan Robe of Spirit
24648	Astralaan Gloves of Arcane Wrath
24649	Astralaan Headdress of the Invoker
24650	Astralaan Pants of the Eagle
24651	Astralaan Shoulderpads of Shadow Wrath
24652	Astralaan Bracer of Frost Protection
24653	Consortium Sash of Stamina
24654	Consortium Boot of Frost Protection
24655	Consortium Robe of the Whale
24656	Consortium Gloves of Stamina
24657	Consortium Hood of the Invoker
24658	Consortium Pants of Shadow Wrath
24659	Consortium Mantle of Shadow Wrath
24660	Consortium Bracer of Intellect
24661	Shadow Council Chain of the Eagle
24662	Shadow Council Boots of the Physician
24663	Shadow Council Tunic of the Eagle
24664	Shadow Council Gloves of the Invoker
24665	Shadow Council Cowl of Arcane Wrath
24666	Shadow Council Pants of the Eagle
24667	Shadow Council Mantle of the Sorcerer
24668	Shadow Council Bracer of Arcane Protection
24669	Eldr'naan Belt of Stamina
24670	Eldr'naan Boot of Intellect
24671	Eldr'naan Jerkin of Arcane Wrath
24672	Eldr'naan Gloves of the Eagle
24673	Eldr'naan Hood of the Owl
24674	Eldr'naan Pants of Stamina
24675	Eldr'naan Shoulderpads of the Sorcerer
24676	Eldr'naan Bracelets of the Sorcerer
24677	Archmage Belt of Arcane Wrath
24678	Archmage Slippers of Stamina
24679	Archmage Robe of the Invoker
24680	Archmage Gloves of Stamina
24681	Archmage Headpiece of the Whale
24682	Archmage Pants of Spirit
24683	Archmage Mantle of the Invoker
24684	Archmage Bracelets of the Physician
24685	Elementalist Belt of Stamina
24686	Elementalist Boots of Nature Protection
24687	Elementalist Tunic of Arcane Protection
24688	Elementalist Gloves of the Sorcerer
24689	Elementalist Skullcap of the Whale
24690	Elementalist Leggings of Arcane Wrath
24691	Elementalist Mantle of Shadow Wrath
24692	Elementalist Bracelets of the Whale
24693	Bonechewer Pelt-Girdle of Spirit
24695	Bonechewer Chestpiece of the Bandit
24697	Bonechewer Skincloak of Shadow Protection
24700	Bonechewer Bands of Strength
24701	Haal'eshi Cord of Shadow Protection
24702	Haal'eshi Boots of the Gorilla
24703	Haal'eshi Jerkin of Shadow Protection
24705	Haal'eshi Hat of the Bandit
24706	Haal'eshi Leggings of the Boar
24707	Haal'eshi Pauldrons of the Monkey
24708	Haal'eshi Bindings of Frost Protection
24709	Vengeance Belt of the Owl
24710	Vengeance Boots of the Bear
24711	Vengeance Chestpiece of the Eagle
24712	Vengeance Gloves of the Bandit
24713	Vengeance Helm of the Bandit
24714	Vengeance Legguards of the Hierophant
24715	Vengeance Pauldrons of Agility
24716	Vengeance Bands of Intellect
24717	Dreghood Belt of the Tiger
24718	Dreghood Boots of the Bandit
24719	Dreghood Chestpiece of Arcane Protection
24720	Dreghood Gloves of Intellect
24721	Dreghood Cowl of Shadow Protection
24722	Dreghood Trousers of the Hierophant
24723	Dreghood Pauldrons of Shadow Protection
24724	Dreghood Bands of the Falcon
24725	Dementia Cord of the Boar
24726	Dementia Boots of Defense
24727	Dementia Vest of the Bear
24728	Dementia Gloves of the Gorilla
24729	Dementia Hood of the Hierophant
24730	Dementia Trousers of Fire Protection
24731	Dementia Shoulderguards of Fire Protection
24732	Dementia Armguards of Shadow Protection
24733	Sunroc Waistband of Arcane Protection
24734	Sunroc Boots of Defense
24735	Sunroc Chestpiece of the Gorilla
24736	Sunroc Gloves of Shadow Protection
24737	Sunroc Mask of Healing
24738	Sunroc Pants of the Bandit
24739	Sunroc Shoulderguards of Shadow Protection
24740	Sunroc Armguards of the Gorilla
24741	Ranger Belt of the Boar
24743	Ranger Jerkin of the Bandit
24744	Ranger Gloves of the Invoker
24745	Ranger Hat of the Bandit
24746	Ranger Pants of the Wolf
24747	Ranger Pauldrons of the Bear
24748	Ranger Armguards of the Bandit
24749	Daggerfen Belt of Stamina
24750	Daggerfen Boots of Nature's Wrath
24751	Daggerfen Battlevest of the Falcon
24752	Daggerfen Gloves of the Wolf
24753	Daggerfen Cowl of Arcane Protection
24754	Daggerfen Stitchpants of the Falcon
24755	Daggerfen Pauldrons of the Invoker
24756	Daggerfen Bindings of the Owl
24757	Umbrafen Waistband of the Bandit
24758	Umbrafen Boots of the Bandit
24759	Umbrafen Tunic of Shadow Protection
24760	Umbrafen Gloves of Spirit
24761	Umbrafen Cap of Intellect
24762	Umbrafen Britches of the Bear
24763	Umbrafen Shoulderguards of the Monkey
24764	Umbrafen Bindings of the Gorilla
24765	Clefthoof Belt of the Bandit
24766	Clefthoof Wanderboots of the Falcon
24767	Clefthoof Hidemantle of the Owl
24768	Clefthoof Gloves of the Beast
24769	Clefthoof Cover of the Eagle
24770	Clefthoof Britches of the Monkey
24771	Clefthoof Shoulderguards of Intellect
24772	Clefthoof Bracers of Defense
24773	Boneshredder Belt of the Bandit
24774	Boneshredder Boots of the Invoker
24775	Boneshredder Jerkin of the Whale
24776	Boneshredder Gloves of the Tiger
24777	Boneshredder Skullcap of Intellect
24778	Boneshredder Britches of the Bandit
24779	Boneshredder Shoulderguards of Stamina
24780	Boneshredder Wristguards of the Beast
24781	Murkblood Belt of Spirit
24782	Loosely Threaded Gloves
24783	Murkblood Boots of Shadow Protection
24784	Murkblood Chestpiece of the Invoker
24785	Murkblood Gloves of the Bandit
24786	Murkblood Cover of the Bandit
24787	Murkblood Pants of the Bandit
24788	Murkblood Shoulderguards of the Whale
24789	Murkblood Bracers of the Monkey
24790	Expedition Girdle of the Bandit
24791	Expedition Boots of the Beast
24792	Expedition Tunic of the Bandit
24793	Expedition Gloves of the Hierophant
24794	Expedition Hood of the Bear
24795	Expedition Pants of Power
24796	Expedition Shoulderguards of the Beast
24797	Expedition Bracers of Power
24798	Dragonhawk Belt of Power
24799	Dragonhawk Boots of Strength
24800	Dragonhawk Tunic of the Owl
24801	Dragonhawk Gloves of the Tiger
24802	Dragonhawk Hat of the Bandit
24803	Dragonhawk Pants of the Gorilla
24804	Dragonhawk Shoulderguards of Arcane Protection
24805	Dragonhawk Bands of Intellect
24806	Unyielding Waistband of Defense
24807	Unyielding Footwraps of the Bandit
24808	Unyielding Chain Vest of the Eagle
24809	Unyielding Fists of the Whale
24810	Unyielding Helm of the Owl
24812	Unyielding Spaulders of the Bandit
24814	Felstone Waistband of the Bandit
24815	Felstone Greaves of Intellect
24816	Felstone Chain Vest of the Wolf
24817	Felstone Gauntlets of the Monkey
24818	Felstone Helm of the Bandit
24819	Felstone Leggings of the Falcon
24820	Felstone Spaulders of the Tiger
24821	Felstone Bindings of Strength
24822	Netherstalker Belt of the Whale
24823	Netherstalker Greaves of the Wolf
24824	Netherstalker Armor of the Soldier
24826	Netherstalker Helmet of the Tiger
24827	Netherstalker Legguards of the Tiger
24828	Netherstalker Mantle of the Monkey
24829	Netherstalker Bracer of the Falcon
24830	Nexus-Strider Belt of Intellect
24831	Nexus-Strider Greaves of the Invoker
24832	Nexus-Strider Breastplate of the Boar
24833	Nexus-Strider Gloves of Frost Protection
24834	Nexus-Strider Helmet of the Owl
24835	Nexus-Strider Legwraps of Strength
24836	Nexus-Strider Mantle of the Eagle
24837	Nexus-Strider Bracer of Healing
24838	Wrathfin Waistband of the Falcon
24839	Wrathfin Greaves of the Soldier
24840	Wrathfin Armor of the Elder
24841	Wrathfin Gloves of Frost Protection
24842	Wrathfin Helmet of the Whale
24843	Wrathfin Legguards of the Bandit
24844	Wrathfin Mantle of the Gorilla
24845	Wrathfin Bindings of the Whale
24846	Fenclaw Waistband of Intellect
24847	Fenclaw Footwraps of Stamina
24848	Fenclaw Armor of the Tiger
24849	Fenclaw Fists of Intellect
24850	Fenclaw Helm of the Falcon
24851	Fenclaw Legguards of the Tiger
24852	Fenclaw Mantle of the Elder
24853	Fenclaw Bindings of the Bandit
24854	Marshcreeper Belt of the Bandit
24855	Marshcreeper Sludgeboots of the Invoker
24856	Marshcreeper Fen-Vest of Spirit
24857	Marshcreeper Gloves of the Invoker
24858	Marshcreeper Helm of the Bandit
24859	Marshcreeper Leggings of the Monkey
24860	Marshcreeper Mantle of the Bandit
24861	Marshcreeper Bracelets of the Gorilla
24862	Blood Knight Girdle of Intellect
24863	Blood Knight Boots of Healing
24864	Blood Knight Breastplate of the Soldier
24865	Blood Knight Gauntlets of the Invoker
24866	Blood Knight Helm of Nature's Wrath
24867	Blood Knight Greaves of Agility
24868	Blood Knight Pauldrons of the Elder
24869	Blood Knight Bracers of the Bear
24870	Ironspine Belt of Stamina
24871	Ironspine Greaves of the Soldier
24872	Ironspine Chain Vest of Stamina
24873	Ironspine Gloves of the Bandit
24874	Ironspine Helm of the Elder
24876	Ironspine Shoulderguards of Strength
24877	Ironspine Bracelets of the Elder
24878	Der'izu Belt of the Elder
24879	Der'izu Greaves of Healing
24880	Der'izu Chestpiece of the Bandit
24881	Der'izu Fists of the Elder
24882	Der'izu Helm of the Bandit
24883	Der'izu Legguards of the Boar
24884	Der'izu Spaulders of Healing
24885	Der'izu Bracer of the Invoker
24886	Skettis Belt of the Gorilla
24887	Skettis Footwraps of the Monkey
24888	Skettis Chestpiece of the Soldier
24889	Skettis Gauntlets of the Bear
24890	Skettis Helmet of the Invoker
24891	Skettis Legguards of the Bandit
24892	Skettis Spaulders of the Eagle
24893	Skettis Bracer of Power
24894	Sundered Waistband of the Monkey
24895	Sundered Footwraps of the Bandit
24896	Sundered Chestpiece of Agility
24897	Sundered Gauntlets of Spirit
24898	Sundered Helmet of the Elder
24899	Sundered Legguards of the Bandit
24900	Sundered Spaulders of Nature Protection
24901	Tortured Bracer of Strength
24902	Talhide Stitched-Belt of the Invoker
24903	Talhide Lined-Boots of the Whale
24904	Talhide Chestpiece of the Bandit
24905	Talhide Lined-Gloves of the Monkey
24906	Talhide Helmet of Healing
24907	Talhide Lined-Leggings of the Elder
24908	Talhide Shoulderguards of the Owl
24909	Talhide Lined-Bracers of Nature's Wrath
24910	Netherstorm Belt of the Owl
24911	Netherstorm Greaves of the Eagle
24912	Netherstorm Chestpiece of the Soldier
24913	Netherstorm Gauntlets of Strength
24914	Netherstorm Helm of the Elder
24915	Netherstorm Legguards of the Bandit
24916	Netherstorm Shoulderguards of Nature's Wrath
24917	Netherstorm Bracer of the Gorilla
24918	Grimscale Belt of Defense
24921	Grimscale Gauntlets of the Boar
24923	Grimscale Legguards of the Bear
24925	Grimscale Vambraces of the Sorcerer
24926	Ango'rosh Belt of the Whale
24927	Ango'rosh Sabatons of the Beast
24928	Ango'rosh Breastplate of the Gorilla
24929	Ango'rosh Gauntlets of Agility
24930	Ango'rosh Helm of the Boar
24931	Ango'rosh Legguards of the Monkey
24932	Ango'rosh Pauldrons of the Falcon
24933	Ango'rosh Vambraces of the Gorilla
24934	Darkcrest Belt of the Elder
24935	Darkcrest Sabatons of Nature Protection
24936	Darkcrest Breastplate of the Boar
24937	Darkcrest Gauntlets of Defense
24938	Darkcrest Helm of the Sorcerer
24939	Darkcrest Legguards of Intellect
24940	Darkcrest Pauldrons of the Monkey
24941	Darkcrest Bracers of Intellect
24942	Bloodscale Belt of Power
24943	Bloodscale Sabatons of the Sorcerer
24944	Bloodscale Breastplate of the Beast
24945	Bloodscale Gauntlets of the Monkey
24946	Bloodscale Helm of the Boar
24947	Bloodscale Legguards of the Owl
24948	Bloodscale Pauldrons of the Champion
24949	Bloodscale Bracers of the Wolf
24950	Bogslayer Belt of the Champion
24951	Bogslayer Sabatons of the Champion
24952	Bogslayer Breastplate of the Champion
24953	Bogslayer Gauntlets of the Boar
24954	Bogslayer Helm of the Champion
24955	Bogslayer Legplates of Healing
24956	Bogslayer Pauldrons of the Tiger
24957	Bogslayer Bracers of Agility
24958	Khan'aish Girdle of the Champion
24959	Khan'aish Greaves of the Champion
24960	Khan'aish Breastplate of the Whale
24961	Khan'aish Gloves of the Beast
24962	Khan'aish Helmet of the Whale
24963	Khan'aish Legplates of Intellect
24964	Khan'aish Epaulets of the Elder
24965	Khan'aish Bracers of the Sorcerer
24966	Talonguard Girdle of Defense
24967	Talonguard Greaves of the Elder
24968	Talonguard Armor of Power
24969	Talonguard Gloves of the Owl
24970	Talonguard Helmet of the Wolf
24971	Talonguard Legplates of the Monkey
24972	Talonguard Epaulets of Fire Protection
24973	Talonguard Bracers of the Beast
24974	Reaver Girdle of Defense
24976	Reaver Armor of the Elder
24977	Reaver Gloves of the Sorcerer
24978	Reaver Helmet of Intellect
24979	Reaver Legplates of the Elder
24980	Reaver Epaulets of Nature Protection
24981	Reaver Bracers of the Falcon
24982	Boulderfist Belt of Strength
24983	Boulderfist Greaves of Arcane Protection
24984	Boulderfist Armor of the Monkey
24985	Boulderfist Gloves of Power
24986	Boulderfist Helm of Intellect
24987	Boulderfist Legplates of the Bear
24988	Boulderfist Epaulets of Agility
24989	Boulderfist Bracers of Strength
24990	Warmaul Belt of Intellect
24991	Warmaul Greaves of the Eagle
24992	Warmaul Breastplate of the Champion
24993	Warmaul Gloves of the Champion
24994	Warmaul Helmet of the Beast
24995	Warmaul Legplates of the Owl
24996	Warmaul Epaulets of the Gorilla
24997	Warmaul Vambraces of the Bear
24998	Bloodfist Girdle of the Whale
24999	Bloodfist Greaves of the Beast
25000	Bloodfist Breastplate of the Beast
25001	Bloodfist Gloves of the Champion
25002	Bloodfist Helmet of Intellect
25003	Bloodfist Legplates of the Wolf
25004	Bloodfist Epaulets of the Elder
25005	Bloodfist Vambraces of the Sorcerer
25006	Conqueror's Girdle of the Elder
25007	Conqueror's Greaves of Healing
25008	Conqueror's Breastplate of Healing
25009	Conqueror's Gauntlets of Nature Protection
25010	Conqueror's Helmet of Defense
25011	Conqueror's Legplates of Nature Protection
25012	Conqueror's Epaulets of the Elder
25013	Conqueror's Vambraces of the Beast
25014	Shattered Hand Belt of the Eagle
25015	Shattered Hand Sabatons of the Monkey
25016	Shattered Hand Breastplate of the Monkey
25017	Shattered Hand Gauntlets of the Beast
25018	Shattered Hand Helmet of Stamina
25019	Shattered Hand Legplates of the Boar
25020	Shattered Hand Epaulets of the Sorcerer
25021	Shattered Hand Vambraces of Defense
25022	Warlord's Iron-Girdle of Spirit
25023	Warlord's Sabatons of the Bear
25024	Warlord's Iron-Breastplate of the Beast
25025	Warlord's Iron-Gauntlets of Shadow Protection
25026	Warlord's Iron-Helm of Stamina
25027	Warlord's Iron-Legplates of Shadow Protection
25028	Warlord's Iron-Epaulets of the Owl
25029	Warlord's Iron-Vambraces of the Gorilla
25030	Silky Velvet Cloak of Stamina
25031	Silvermoon Royal Cloak of the Bandit
25032	Hellfire Cloak of Shadow Wrath
25033	Scavenger's Cloak of the Sorcerer
25034	Elementalist Cloak of Arcane Protection
25035	Silver-Lined Cloak of the Falcon
25036	Boulderfist Cloak of Shadow Wrath
25037	Patched Cape of the Wolf
25038	Forest Shroud of the Bandit
25039	Farseer Cloak of Shadow Wrath
25040	Murkblood Cape of the Monkey
25041	Ambusher's Cloak of the Monkey
25042	Nether Cloak of the Champion
25043	Amber Cape of the Whale
25044	Rubellite Ring of Spirit
25045	Azurite Ring of the Invoker
25046	Spined Ring of the Tiger
25047	Tourmaline Loop of Regeneration
25048	Smoky Quartz Ring of the Tiger
25049	Scheelite Ring of Spirit
25050	Moldavite Ring of Fire Protection
25051	Blue Topaz Band of the Beast
25052	Hauyne Ring of the Invoker
25053	Lazuli Ring of Stamina
25054	Sodalite Band of the Boar
25055	Alexandrite Ring of Nature Protection
25056	Almandine Ring of Spirit
25057	Amber Band of the Sorcerer
25058	Anglesite Choker of the Falcon
25059	Fire Opal Collar of Shadow Protection
25060	Sunstone Necklace of Concentration
25061	Hiddenite Necklace of Intellect
25062	Zircon Amulet of the Gorilla
25063	Multi-Colored Beads of the Invoker
25064	Amethyst Pendant of the Owl
25065	Turquoise Brooch of the Physician
25066	Pink Sapphire Necklace of Shadow Protection
25067	Diopside Beads of the Eagle
25068	Kunzite Necklace of the Monkey
25069	Epidote Stone Necklace of the Beast
25070	Coral Beads of the Boar
25071	Tanzanite Pendant of the Tiger
25072	Northman's Shield of Stamina
25073	Emperor Shield of the Monkey
25074	Telaari Shield of the Invoker
25075	Hardened Steel Shield of the Beast
25076	Screaming Shield of the Elder
25077	Modani War-Shield of Spirit
25078	Zangari Shield of Arcane Protection
25079	Outland Shield of the Champion
25080	Spell-Breaker Shield of the Tiger
25081	Bayeaux Shield of the Owl
25082	Fel-Iron Shield of the Beast
25083	Smouldering Shield of the Soldier
25084	Zeth'Gor Shield of the Boar
25085	Dragonscale Shield of the Tiger
25087	Bleeding Eye of Stamina
25088	Laughing Skull Orb of Spirit
25089	Supplicant's Rod of Shadow Protection
25090	Slavehandler Rod of Shadow Wrath
25091	Mistyreed Torch of Shadow Wrath
25092	Consortium Crystal of Shadow Wrath
25093	Shadow Council Orb of the Eagle
25094	Eldr'naan Scepter of Spirit
25095	Archmage Orb of the Sorcerer
25096	Elementalist Star of Shadow Wrath
25097	Astralaan Orb of Fire Protection
25098	Tuurik Torch of Stamina
25099	Draenei Crystal Rod of Stamina
25100	Liege Blade of the Boar
25101	Cross Pommel Dagger of the Falcon
25103	Nightstalker Dagger of Intellect
25104	Anzac Dagger of the Invoker
25105	Arachnid Dagger of the Bear
25106	Cobra Shortblade of the Bandit
25107	Draconic Dagger of the Invoker
25108	Grave Keeper Knife of the Monkey
25109	Moon Blade of the Elder
25110	Sharp Bowie Knife of Agility
25111	Lionhead Dagger of the Bandit
25112	Fel Ripper of the Beast
25113	Phantom Dagger of Strength
25114	Doomsayer's Mace of the Tiger
25115	Riversong Mace of the Bear
25116	Pneumatic War Hammer of the Wolf
25117	Flanged Battle Mace of the Beast
25118	Battle Star of Power
25119	Silvermoon War-Mace of Agility
25120	Rockshard Club of the Wolf
25121	Dreaded Mace of the Whale
25122	Khorium Plated Bludgeon of the Wolf
25123	Boneshredder Mace of Agility
25124	Footman Mace of the Whale
25125	Retro-Spike Club of the Bandit
25126	Anvilmar Hammer of the Beast
25127	Knight's War Hammer of the Owl
25129	Giant's Leg Bone of the Falcon
25130	Gronn-Bone Club of the Monkey
25131	Hateful Bludgeon of the Gorilla
25132	Thrallmar War Hammer of the Champion
25133	Stormwind Maul of the Monkey
25134	Highmountain Hammer of Intellect
25135	Clefthoof Mace of the Invoker
25136	Blood Stained Hammer of the Owl
25137	Draenethyst Mallet of the Invoker
25138	Blood Knight Maul of the Owl
25139	Algaz Battle Hammer of the Eagle
25140	Commanding Mallet of the Gorilla
25142	Telaari Longblade of Stamina
25143	Silver Hand Blade of Agility
25144	Skettis Curved Blade of Agility
25146	Light-Etched Longsword of Stamina
25147	Skystrider Katana of the Sorcerer
25148	Bone Collector Sword of the Sorcerer
25149	Baron's Broadsword of the Falcon
25151	Assassins' Short Blade of the Bandit
25152	Howling Sword of the Monkey
25153	Gladiator Greatblade of the Boar
25154	Blood Groove Blade of Strength
25155	Iron Skull Sword of Power
25158	Skeletal Broadsword of the Monkey
25160	Vengeance Blade of the Eagle
25161	Dragon Wing Blade of the Sorcerer
25162	Darkened Broadsword of the Champion
25163	Elexorien Blade of the Tiger
25164	Crude Umbrafen Blade of the Owl
25166	Mok'Nathal Warblade of the Tiger
25167	Nethersteel Claymore of the Bandit
25168	Sha'tari Longsword of the Bandit
25169	Fel Orc Brute Sword of Intellect
25170	Rattan Bo Staff of the Tiger
25172	Jinbali Warp-Staff of the Falcon
25174	Hanbo Staff of the Champion
25176	Taiji Quarterstaff of the Invoker
25177	Tanjo Staff of the Beast
25178	Bata Staff of the Boar
25179	Nguni Stick of the Falcon
25180	Calenda Fighting Stick of Intellect
25181	Tapered Staff of the Gorilla
25182	Crystal-Etched Warstaff of Agility
25183	Voodoo Hex-Staff of the Bear
25184	Ravager Claws of the Bandit
25186	Vampiric Handscythes of Stamina
25187	Shekketh Talons of the Bandit
25188	Spleenripper Claws of the Boar
25189	Ironspine Point of the Wolf
25190	Wight's Claws of the Bear
25191	Dread Fangs of the Bandit
25192	Gutrippers of Strength
25193	Deathclaw Talons of the Bandit
25194	Serpent's Fangs of the Soldier
25195	Diamond Tipped Claws of the Elder
25196	Boneshredder Claws of the Beast
25197	Razor Scythes of Strength
25199	Knight's War Axe of Stamina
25200	Jagged Broadaxe of Intellect
25201	Reaver's Sickle of the Monkey
25204	Colossal War Axe of Stamina
25205	Silvermoon Crescent Axe of Strength
25206	Berserker Axe of the Beast
25207	Shadowmoon Cleaver of the Beast
25208	Bladespire Broadaxe of Power
25209	Amani Tomahawk of Stamina
25210	Double-Bladed Axe of the Elder
25211	Rockbiter Cutter of Strength
25213	Fel-Touched Axe of the Beast
25214	Mok'Nathal Battleaxe of the Monkey
25215	Spiked Battle Axe of the Wolf
25216	Ogre Splitting Axe of Agility
25217	Sundering Axe of Spirit
25218	Silver-Edged Axe of the Champion
25219	Rending Claw of the Wolf
25220	Glorious War-Axe of the Elder
25221	Ghostly Battle Axe of the Tiger
25222	Ceremonial Slayer's Axe of the Soldier
25223	Windcaller Hatchet of the Champion
25224	Slavemaster Axe of the Soldier
25225	Deepforge Broadaxe of the Bear
25227	Sha'tari Longspear of the Whale
25233	Battle Scythe of Spirit
25234	Telaari Polearm of the Beast
25236	Grim Scythe of the Sorcerer
25237	Nether Trident of Intellect
25238	Hellfire War Spear of the Beast
25239	Legend's Glaive of the Boar
25243	Windtalker Bow of the Tiger
25246	Thalassian Compound Bow of the Wolf
25247	Expert's Bow of the Owl
25249	Ranger's Recurved Bow of the Beast
25250	Rocslayer Longbow of the Gorilla
25251	Orc Flatbow of the Beast
25252	Dream Catcher Bow of the Boar
25253	Windspear Longbow of the Beast
25256	Stronghold Crossbow of the Gorilla
25257	Citadel Crossbow of the Bandit
25258	Repeater Crossbow of the Eagle
25262	Battle Damaged Crossbow of the Monkey
25263	Assassins' Silent Crossbow of the Monkey
25264	Pocket Ballista of the Whale
25265	Barreled Crossbow of the Monkey
25267	Rampant Crossbow of the Tiger
25269	Longbeard Rifle of the Falcon
25271	Croc-Hunter's Rifle of the Wolf
25276	Tauren Runed Musket of the Eagle
25277	Sporting Rifle of the Bandit
25278	Nessingwary Longrifle of the Bandit
25279	Sen'jin Longrifle of the Owl
25280	Game Hunter Musket of the Bandit
25281	Big-Boar Battle Rifle of the Bear
25282	Mahogany Wand of the Invoker
25283	Crystallized Ebony Wand of the Owl
25284	Purpleheart Wand of the Eagle
25286	Yew Wand of the Whale
25287	Magician's Wand of Intellect
25288	Conjurer's Wand of the Whale
25289	Majestic Wand of Intellect
25290	Solitaire Wand of the Invoker
25291	Nobility Torch of Stamina
25292	Mechano-Wand of the Prophet
25293	Draenethyst Wand of Intellect
25294	Dragonscale Wand of the Owl
25295	Flawless Wand of the Invoker
25296	Absorption Dagger of Intellect
25297	Tuning Knife of the Owl
25298	Combustion Dagger of the Elder
25299	Siphoning Dagger of Intellect
25300	Lightning Dagger of Stamina
25301	Shattering Dagger of Spirit
25302	Soul-Drain Dagger of Spirit
25303	Amplifying Blade of Stamina
25304	Destructo-Blade of Spirit
25305	Elemental Dagger of the Owl
25306	Permafrost Dagger of Intellect
25307	Shadow Dagger of Spirit
25308	Thunder Spike of the Whale
25309	Warpdagger of the Elder
25310	Naaru Lightmace of the Elder
25311	Revitalizing Hammer of the Elder
25312	Glorious Scepter of Stamina
25313	Cold-Iron Scepter of Intellect
25314	Ceremonial Hammer of the Whale
25315	Restorative Mace of the Whale
25316	Spirit-Clad Mace of the Owl
25317	Lesser Sledgemace of Spirit
25318	Ancestral Hammer of Spirit
25319	Tranquility Mace of the Elder
25320	Queen's Insignia of the Elder
25321	Divine Hammer of Spirit
25322	Lordly Scepter of the Elder
25323	Ascendant's Scepter of the Owl
25325	Brutal Scar-Limb of the Bear
25326	Primal Lore-Staff of Stamina
25328	Faerie-Kind Staff of the Beast
25330	Starshine Staff of the Tiger
25331	Vengeance Staff of Stamina
25333	Purification Staff of the Beast
25334	Intimidating Greatstaff of the Tiger
25335	Feral Warp-Staff of the Tiger
25336	Splintering Greatstaff of Stamina
25337	Swarming Sting-Staff of the Beast
25338	Loosely Threaded Pants
25339	Loosely Threaded Shoulderpads
25340	Loosely Threaded Vest
25341	Dilapidated Cloth Belt
25342	Dilapidated Cloth Boots
25343	Dilapidated Cloth Bracers
25344	Dilapidated Cloth Gloves
25345	Dilapidated Cloth Hat
25346	Dilapidated Cloth Pants
25347	Dilapidated Cloth Shoulderpads
25348	Dilapidated Cloth Vest
25349	Moldy Leather Armor
25350	Moldy Leather Belt
25351	Moldy Leather Boots
25352	Moldy Leather Bracers
25353	Moldy Leather Gloves
25354	Moldy Leather Helmet
25355	Moldy Leather Pants
25356	Moldy Leather Shoulderpads
25357	Decaying Leather Armor
25358	Decaying Leather Belt
25359	Decaying Leather Boots
25360	Decaying Leather Bracers
25361	Decaying Leather Gloves
25362	Decaying Leather Helmet
25363	Decaying Leather Pants
25364	Decaying Leather Shoulderpads
25365	Eroded Mail Armor
25366	Eroded Mail Belt
25367	Eroded Mail Boots
25368	Eroded Mail Bracers
25369	Eroded Mail Circlet
25370	Eroded Mail Gloves
25371	Eroded Mail Pants
25372	Eroded Mail Shoulderpads
25373	Corroded Mail Armor
25374	Corroded Mail Belt
25375	Corroded Mail Boots
25376	Corroded Mail Bracers
25377	Corroded Mail Circlet
25378	Corroded Mail Gloves
25379	Corroded Mail Pants
25380	Corroded Mail Shoulderpads
25381	Tarnished Plate Belt
25382	Tarnished Plate Boots
25383	Tarnished Plate Bracers
25384	Tarnished Plate Chestpiece
25385	Tarnished Plate Gloves
25386	Tarnished Plate Helmet
25387	Tarnished Plate Pants
25388	Tarnished Plate Shoulderpads
25389	Deteriorating Plate Belt
25390	Deteriorating Plate Boots
25391	Deteriorating Plate Bracers
25392	Deteriorating Plate Chestpiece
25393	Deteriorating Plate Gloves
25394	Deteriorating Plate Helmet
25395	Deteriorating Plate Pants
25396	Deteriorating Plate Shoulderpads
25397	Eroded Axe
25398	Stone Reaper
25399	Deteriorating Blade
25400	Tarnished Claymore
25401	Corroded Mace
25402	The Stoppable Force
25403	Sharpened Stilleto
25404	Dense War Staff
25405	Rusted Musket
25406	Broken Longbow
25408	Shiny Tail Hair
25409	Resilient Tail Hair
25410	Damaged Hoof
25411	Worn Hoof
25412	Dirt-covered Fur
25413	Smooth Fur
25414	Brittle Horn
25415	Aged Horn
25417	Bloody Fang
25418	Razor Sharp Fang
25420	Severed Claw
25421	Gnarled Claw
25425	Molted Feather
25426	Brilliant Feather
25427	Beaten Talon
25428	Savage Talon
25429	Grime-encrusted Scale
25430	Glimmering Scale
25431	Ripped Fin
25432	Pristine Fin
25434	Fractured Carapace
25435	Hardened Carapace
25436	Twitching Leg
25437	Barbed Leg
25438	Malachite Pendant
25439	Tigerseye Band
25440	Cracked Boar Tusk
25441	Gnarled Boar Tusk
25442	Mangled Snout
25443	Bloody Snout
25444	Corrosive Ichor
25445	Wretched Ichor
25446	Brittle Skull
25447	Broken Skull
25450	Creeping Moss
25451	Swamp Moss
25452	Blighted Fungus
25453	Death Cap Fungus
25454	Luminescent Globe
25456	Glowing Spores
25461	Book of Forgotten Names
25462	Tome of Dusk
25469	Grimoire of Avoidance
25473	Swift Blue Gryphon
25474	Tawny Windrider
25475	Blue Windrider
25476	Green Windrider
25477	Swift Red Windrider
25498	Rough Stone Statue
25521	Greater Rune of Warding
25526	Plans: Greater Rune of Warding
25527	Swift Red Gryphon
25528	Swift Green Gryphon
25529	Swift Purple Gryphon
25531	Swift Green Windrider
25532	Swift Yellow Windrider
25533	Swift Purple Windrider
25540	Dark Cloak of the Marsh
25541	Cenarion Ring of Casting
25548	Tallstalk Mushroom
25550	Redcap Toadstool
25604	Warmaul Prison Key
25649	Knothide Leather Scraps
25650	Knothide Armor Kit
25653	Riding Crop
25659	Scaled Draenic Boots
25668	Thick Draenic Boots
25669	Thick Draenic Gloves
25670	Thick Draenic Pants
25671	Thick Draenic Vest
25673	Wild Draenish Boots
25674	Wild Draenish Gloves
25679	Comfortable Insoles
25680	Stylin' Purple Hat
25681	Stylin' Adventure Hat
25682	Stylin' Jungle Hat
25683	Stylin' Crimson Hat
25685	Fel Leather Gloves
25686	Fel Leather Boots
25687	Fel Leather Leggings
25689	Heavy Clefthoof Vest
25690	Heavy Clefthoof Leggings
25691	Heavy Clefthoof Boots
25695	Felstalker Belt
25696	Felstalker Breastplate
25697	Felstalker Bracers
25699	Crystal Infused Leather
25700	Fel Scales
25707	Fel Hide
25708	Thick Clefthoof Leather
25720	Pattern: Heavy Knothide Leather
25721	Pattern: Vindicator's Armor Kit
25722	Pattern: Magister's Armor Kit
25725	Pattern: Riding Crop
25726	Pattern: Comfortable Insoles
25728	Pattern: Stylin' Purple Hat
25729	Pattern: Stylin' Adventure Hat
25730	Pattern: Stylin' Jungle Hat
25731	Pattern: Stylin' Crimson Hat
25732	Pattern: Fel Leather Gloves
25733	Pattern: Fel Leather Boots
25734	Pattern: Fel Leather Leggings
25735	Pattern: Heavy Clefthoof Vest
25736	Pattern: Heavy Clefthoof Leggings
25737	Pattern: Heavy Clefthoof Boots
25738	Pattern: Felstalker Belt
25739	Pattern: Felstalker Bracers
25740	Pattern: Felstalker Breastplate
25741	Pattern: Netherfury Belt
25742	Pattern: Netherfury Leggings
25743	Pattern: Netherfury Boots
25759	Mogor's Anointing Club
25760	Battle Mage's Baton
25761	Staff of Beasts
25762	Honed Voidaxe
25763	Ceremonial Warmaul Blood-blade
25764	Mag'hari Fury Brand
25788	Dauntless Handguards
25789	Rune-Engraved Belt
25790	Expedition Scout's Epaulets
25808	Rod of Dire Shadows
25809	Maimfist's Choker
25810	Vicar's Cloak
25811	Conquerer's Band
25813	Small Mushroom
25823	Grunt's Waraxe
25824	Farseer's Band
25827	Muck-Covered Drape
25828	Petrified Lichen Guard
25830	Gladiator's Leather Helm
25831	Gladiator's Leather Tunic
25832	Gladiator's Leather Spaulders
25833	Gladiator's Leather Legguards
25834	Gladiator's Leather Gloves
25835	Explorer's Walking Stick
25836	Preserver's Cudgel
25838	Warden's Hauberk
25843	Fel Iron Rod
25844	Adamantite Rod
25845	Eternium Rod
25846	Plans: Adamantite Rod
25847	Plans: Eternium Rod
25848	Formula: Runed Adamantite Rod
25849	Formula: Runed Eternium Rod
25853	Pack of Incendiary Bombs
25854	Gladiator's Silk Amice
25855	Gladiator's Silk Cowl
25856	Gladiator's Silk Raiment
25857	Gladiator's Silk Handguards
25858	Gladiator's Silk Trousers
25861	Crude Throwing Axe
25867	Earthstorm Diamond
25868	Skyfire Diamond
25869	Recipe: Transmute Earthstorm Diamond
25870	Recipe: Transmute Skyfire Diamond
25872	Balanced Throwing Dagger
25873	Keen Throwing Knife
25875	Deadly Throwing Axe
25876	Gleaming Throwing Axe
25880	Coarse Stone Statue
25882	Solid Stone Statue
25883	Dense Stone Statue
25887	Schematic: Purple Smoke Flare
25890	Destructive Skyfire Diamond
25893	Mystical Skyfire Diamond
25894	Swift Skyfire Diamond
25895	Enigmatic Skyfire Diamond
25896	Powerful Earthstorm Diamond
25897	Bracing Earthstorm Diamond
25898	Tenacious Earthstorm Diamond
25899	Brutal Earthstorm Diamond
25900	Grimoire of Demonic Frenzy
25901	Insightful Earthstorm Diamond
25902	Design: Powerful Earthstorm Diamond
25903	Design: Bracing Earthstorm Diamond
25904	Design: Insightful Earthstorm Diamond
25905	Design: Tenacious Earthstorm Diamond
25906	Design: Brutal Earthstorm Diamond
25907	Design: Destructive Skyfire Diamond
25908	Design: Swift Skyfire Diamond
25909	Design: Mystical Skyfire Diamond
25910	Design: Enigmatic Skyfire Diamond
25939	Voidfire Wand
25940	Idol of the Claw
25941	Boots of the Outlander
25942	Faith Bearer's Gauntlets
25943	Creepjacker
25944	Shaarde the Greater
25945	Cloak of Revival
25946	Nethershade Boots
25947	Lightning-Rod Pauldrons
25950	Staff of Polarities
25952	Scimitar of the Nexus-Stalkers
25953	Ethereal Warp-Bow
25954	Sigil of Shaffar
25955	Mask of the Howling Storm
25956	Nexus-Bracers of Vigor
25957	Ethereal Boots of the Skystrider
25962	Longstrider's Loop
25964	Shaarde the Lesser
25968	Shalassi Sentry's Epaulets
25969	Rapscallion's Touch
25997	Gladiator's Linked Armor
25998	Gladiator's Linked Helm
25999	Gladiator's Linked Spaulders
26001	Gladiator's Linked Leggings
26045	Halaa Battle Token
26055	Oculus of the Hidden Eye
27408	Hope Bearer Helm
27409	Raven-Heart Headdress
27410	Collar of Command
27411	Slippers of Serenity
27412	Ironstaff of Regeneration
27413	Ring of the Exarchs
27414	Mok'Nathal Beast-Mask
27415	Darkguard Face Mask
27416	Fetish of the Fallen
27417	Ravenwing Pauldrons
27418	Stormreaver Shadow-Kilt
27420	Uther's Ceremonial Warboots
27422	Barbed Gill Trout
27423	Cloak of Impulsiveness
27424	Amani Venom-Axe
27425	Spotted Feltail
27426	Northshire Battlemace
27427	Durotan's Battle Harness
27428	Stormfront Gauntlets
27429	Zangarian Sporefish
27430	Scaled Greaves of Patience
27431	Time-Shifted Dagger
27432	Broxigar's Ring of Valor
27433	Pauldrons of Sufferance
27434	Mantle of Perenolde
27435	Figluster's Mudfish
27436	Iron Band of the Unbreakable
27437	Icefin Bluefish
27438	Golden Darter
27439	Furious Crawdad
27440	Diamond Prism of Recurrence
27442	Goldenscale Vendorfish
27443	Steam Pump Debris
27445	Magical Crawdad Box
27447	Bracers of Just Rewards
27448	Cloak of the Everliving
27449	Blood Knight Defender
27450	Wild Stalker Boots
27451	Boots of the Darkwalker
27452	Light Scribe Bands
27453	Averinn's Ring of Slaying
27454	Volcanic Pauldrons
27455	Irondrake Faceguard
27456	Raiments of Nature's Breath
27457	Life Bearer's Gauntlets
27458	Oceansong Kilt
27459	Vambraces of Daring
27460	Reavers' Ring
27461	Chestguard of the Prowler
27462	Crimson Bracers of Gloom
27463	Terror Flame Dagger
27464	Omor's Unyielding Will
27465	Mana-Etched Gloves
27466	Headdress of Alacrity
27467	Silent-Strider Kneeboots
27468	Moonglade Handwraps
27469	Gladiator's Mail Armor
27470	Gladiator's Mail Gauntlets
27471	Gladiator's Mail Helm
27472	Gladiator's Mail Leggings
27473	Gladiator's Mail Spaulders
27474	Beast Lord Handguards
27475	Gauntlets of the Bold
27476	Truncheon of Five Hells
27477	Faol's Signet of Cleansing
27478	Girdle of the Blasted Reaches
27480	Soul Device
27483	Moon-Touched Bands
27484	Libram of Avengement
27485	Embroidered Cape of Mysteries
27487	Bloodlord Legplates
27488	Mage-Collar of the Firestorm
27489	Virtue Bearer's Vambraces
27490	Firebrand Battleaxe
27491	Signet of Repose
27492	Moonchild Leggings
27493	Gloves of the Deadwatcher
27494	Emerald Eye Bracer
27495	Soldier's Dog Tags
27497	Doomplate Gauntlets
27505	Ruby Helm of the Just
27506	Robe of Effervescent Light
27507	Adamantine Repeater
27508	Incanter's Gloves
27509	Handgrips of Assassination
27510	Tidefury Gauntlets
27511	Inscribed Scrollcase
27512	The Willbreaker
27513	Curious Crate
27514	Leggings of the Unrepentant
27515	Huge Spotted Feltail
27516	Enormous Barbed Gill Trout
27517	Bands of Nethekurse
27518	Ivory Idol of the Moongoddess
27519	Cloak of Malice
27520	Greathelm of the Unbreakable
27521	Telaari Hunting Girdle
27522	World's End Bracers
27523	Exarch's Diamond Band
27524	Firemaul of Destruction
27525	Jeweled Boots of Sanctification
27526	Skyfire Hawk-Bow
27527	Greaves of the Shatterer
27528	Gauntlets of Desolation
27529	Figurine of the Colossus
27531	Wastewalker Gloves
27532	Master Fishing - The Art of Angling
27533	Demonblood Eviscerator
27534	Hortus' Seal of Brilliance
27535	Gauntlets of the Righteous
27536	Hallowed Handwraps
27537	Gloves of Oblivion
27538	Lightsworn Hammer
27539	Justice Bearer's Pauldrons
27540	Nexus Torch
27541	Archery Belt of the Broken
27542	Cord of Belief
27543	Starlight Dagger
27544	Totem of Spontaneous Regrowth
27545	Mennu's Scaled Leggings
27546	Traitor's Noose
27547	Coldwhisper Cord
27548	Girdle of Many Blessings
27549	Wavefury Boots
27550	Ironscale War Cloak
27551	Skeletal Necklace of Battlerage
27631	Needle Shrike
27635	Lynx Steak
27637	Shadowstalker's Sash
27638	Hierophant's Sash
27639	Slayer's Waistguard
27643	Stormbreaker's Girdle
27644	Avenger's Waistguard
27645	Dreamstalker Sash
27646	Marksman's Belt
27647	Marksman's Legguards
27648	Dreamstalker Leggings
27649	Hierophant's Leggings
27650	Shadowstalker's Leggings
27652	Stormbreaker's Leggings
27653	Slayer's Leggings
27654	Avenger's Legplates
27655	Ravager Dog
27656	Sporeling Snack
27657	Blackened Basilisk
27658	Roasted Clefthoof
27659	Warp Burger
27660	Talbuk Steak
27662	Feltail Delight
27663	Blackened Sporefish
27664	Grilled Mudfish
27665	Poached Bluefish
27666	Golden Fish Sticks
27667	Spicy Crawdad
27668	Lynx Meat
27669	Bat Flesh
27671	Buzzard Meat
27672	Girdle of the Immovable
27673	Phosphorescent Blade
27674	Ravager Flesh
27676	Strange Spores
27677	Chunk o' Basilisk
27678	Clefthoof Meat
27679	Sublime Mystic Dawnstone
27680	Halaani Bag
27681	Warped Flesh
27682	Talbuk Venison
27683	Quagmirran's Eye
27685	Recipe: Lynx Steak
27687	Recipe: Bat Bites
27688	Recipe: Ravager Dog
27689	Recipe: Sporeling Snack
27690	Recipe: Blackened Basilisk
27691	Recipe: Roasted Clefthoof
27692	Recipe: Warp Burger
27693	Recipe: Talbuk Steak
27694	Recipe: Blackened Trout
27695	Recipe: Feltail Delight
27696	Recipe: Blackened Sporefish
27697	Recipe: Grilled Mudfish
27698	Recipe: Poached Bluefish
27699	Recipe: Golden Fish Sticks
27700	Recipe: Spicy Crawdad
27702	Gladiator's Lamellar Chestpiece
27703	Gladiator's Lamellar Gauntlets
27704	Gladiator's Lamellar Helm
27705	Gladiator's Lamellar Legguards
27706	Gladiator's Lamellar Shoulders
27707	Gladiator's Satin Gloves
27709	Gladiator's Satin Leggings
27710	Gladiator's Satin Mantle
27711	Gladiator's Satin Robe
27712	Shackles of Quagmirran
27713	Pauldrons of Desolation
27714	Swamplight Lantern
27729	Humanoid Skull
27736	Master Cookbook
27737	Moonglade Shoulders
27738	Incanter's Pauldrons
27739	Spaulders of the Righteous
27740	Band of Ursol
27741	Bleeding Hollow Warhammer
27742	Mage-Fury Girdle
27743	Girdle of Living Flame
27744	Idol of Ursoc
27745	Hungarhide Gauntlets
27746	Arcanium Signet Bands
27747	Boggspine Knuckles
27748	Cassock of the Loyal
27755	Girdle of Gallantry
27757	Greatstaff of the Leviathan
27758	Hydra-fang Necklace
27759	Headdress of the Tides
27760	Dunewind Sash
27761	Ring of the Shadow Deeps
27762	Weathered Band of the Swamplord
27763	Crown of the Forest Lord
27764	Hands of the Sun
27765	Armwraps of Disdain
27766	Swampstone Necklace
27767	Bogreaver
27768	Oracle Belt of Timeless Mystery
27769	Endbringer
27770	Argussian Compass
27771	Doomplate Shoulderguards
27772	Stormshield of Renewal
27773	Barbaric Legstraps
27775	Hallowed Pauldrons
27776	Shoulderpads of Assassination
27777	Stark Blood Garnet
27778	Spaulders of Oblivion
27779	Bone Chain Necklace
27780	Ring of Fabled Hope
27781	Demonfang Ritual Helm
27783	Moonrage Girdle
27784	Scintillating Coral Band
27785	Notched Deep Peridot
27786	Barbed Deep Peridot
27787	Chestguard of No Remorse
27788	Bloodsworn Warboots
27789	Cloak of Whispering Shells
27790	Mask of Penance
27791	Serpentcrest Life-Staff
27792	Steam-Hinge Chain of Valor
27793	Earth Mantle Handwraps
27794	Recoilless Rocket Ripper X-54
27795	Sash of Serpentra
27796	Mana-Etched Spaulders
27797	Wastewalker Shoulderpads
27798	Gauntlets of Vindication
27799	Vermillion Robes of the Dominant
27800	Earthsoul Britches
27801	Beast Lord Mantle
27802	Tidefury Shoulderguards
27803	Shoulderguards of the Bold
27804	Devilshark Cape
27805	Ring of the Silver Hand
27806	Fathomheart Gauntlets
27813	Boots of the Colossus
27814	Twinblade of Mastery
27815	Totem of the Astral Winds
27816	Mindrage Pauldrons
27817	Starbolt Longbow
27818	Starry Robes of the Crescent
27821	Extravagant Boots of Malice
27822	Crystal Band of Valor
27823	Shard Encrusted Breastplate
27824	Robe of the Great Dark Beyond
27825	Predatory Gloves
27826	Mantle of the Sea Wolf
27827	Lucid Dream Bracers
27828	Warp-Scarab Brooch
27829	Axe of the Nexus-Kings
27830	Circlet of the Victor
27831	Mantle of the Unforgiven
27832	Band of the Victor
27833	Band of the Victor
27835	Stillwater Girdle
27837	Wastewalker Leggings
27838	Incanter's Trousers
27839	Legplates of the Righteous
27840	Scepter of Sha'tar
27842	Grand Scepter of the Nexus-Kings
27843	Glyph-Lined Sash
27844	Pauldrons of Swift Retribution
27845	Magma Plume Boots
27846	Claw of the Watcher
27847	Fanblade Pauldrons
27848	Embroidered Spellpyre Boots
27854	Smoked Talbuk Venison
27855	Mag'har Grainbread
27856	Skethyl Berries
27857	Garadar Sharp
27858	Sunspring Carp
27859	Zangar Caps
27860	Purified Draenic Water
27861	Lathrai's Stolen Goods
27865	Bracers of Shirrak
27866	Scintillating Headdress of Second Sight
27867	Boots of the Unjust
27868	Runesong Dagger
27869	Soulpriest's Ring of Resolve
27870	Doomplate Legguards
27871	Maladaar's Blessed Chaplet
27872	The Harvester of Souls
27873	Moonglade Pants
27874	Beast Lord Leggings
27875	Hallowed Trousers
27876	Will of the Fallen Exarch
27877	Draenic Wildstaff
27878	Auchenai Death Shroud
27879	Gladiator's Scaled Chestpiece
27880	Gladiator's Scaled Gauntlets
27881	Gladiator's Scaled Helm
27882	Gladiator's Scaled Legguards
27883	Gladiator's Scaled Shoulders
27884	Ornate Boots of the Sanctified
27886	Idol of the Emerald Queen
27887	Platinum Shield of the Valorous
27888	Dream-Wing Helm
27889	Jaedenfire Gloves of Annihilation
27890	Wand of the Netherwing
27891	Adamantine Figurine
27892	Cloak of the Inciter
27893	Ornate Leggings of the Venerated
27895	Band of Many Prisms
27896	Alembic of Infernal Power
27897	Breastplate of Many Graces
27898	Wrathfire Hand-Cannon
27899	Mana Wrath
27900	Jewel of Charismatic Mystique
27901	Blackout Truncheon
27902	Silent Slippers of Meditation
27903	Sonic Spear
27904	Resounding Ring of Glory
27905	Greatsword of Horrid Dreams
27906	Crimsonforge Breastplate
27907	Mana-Etched Pantaloons
27908	Leggings of Assassination
27909	Tidefury Kilt
27910	Silvermoon Crest Shield
27911	Epoch's Whispering Cinch
27912	Harness of the Deep Currents
27913	Whispering Blade of Slaying
27914	Moonstrider Boots
27915	Sky-Hunter Swift Boots
27916	Sethekk Feather-Darts
27917	Libram of the Eternal Rest
27918	Bands of Syth
27919	Light-Woven Slippers
27920	Mark of Conquest
27922	Mark of Defiance
27925	Ravenclaw Band
27927	Mark of Vindication
27928	Terminal Edge
27929	Terminal Edge
27930	Splintermark
27932	Razor Claw
27934	Vorpal Claw
27935	Needle Fang
27936	Greaves of Desolation
27937	Sky Breaker
27938	Savage Mask of the Lynx Lord
27939	Incendic Rod
27940	Marvelous Madstone of Immortality
27941	Compassionate Critter's Friend
27944	Talisman of True Treasure Tracking
27945	Shark's Tooth of Bona Fide Fluidic Mobility
27946	Avian Cloak of Feathers
27947	Totem of Impact
27948	Trousers of Oblivion
27949	Libram of Zeal
27976	Polished Pendant of Edible Energy
27977	Legplates of the Bold
27978	Soap on a Rope
27979	Stone of Stupendous Springing Strides
27980	Terokk's Nightmace
27981	Sethekk Oracle Cloak
27982	Charm of Potent and Powerful Passions
27983	Libram of Zeal
27984	Totem of Impact
27985	Deathforge Girdle
27986	Crow Wing Reaper
27987	Melmorta's Twilight Longbow
27988	Burnoose of Shifting Ages
27989	Idol of Savagery
27990	Idol of Savagery
27991	Shadow Labyrinth Key
27992	Infallible Tikbalang Ward
27993	Mask of Inner Fire
27994	Mantle of Three Terrors
27995	Sun-Gilded Shouldercaps
27996	Ring of Spiritual Precision
28029	Goldenvine Wraps
28033	Epoch-Mender
28034	Hourglass of the Unraveller
28051	Jerkin of the Untamed Spirit
28053	Wicked Arrow
28056	Blackflight Arrow
28058	Shredded Wyrm Wing
28059	Iridescent Eye
28060	Impact Shot
28061	Ironbite Shell
28068	Grimoire of Suffering (Rank 6)
28071	Grimoire of Anguish (Rank 1)
28072	Grimoire of Anguish (Rank 2)
28073	Grimoire of Anguish (Rank 3)
28101	Unstable Mana Potion
28104	Elixir of Mastery
28118	Runed Ornate Ruby
28119	Smooth Ornate Dawnstone
28120	Gleaming Ornate Dawnstone
28121	Icon of Unyielding Courage
28123	Potent Ornate Topaz
28124	Liar's Cord
28126	Gladiator's Dragonhide Gloves
28127	Gladiator's Dragonhide Helm
28128	Gladiator's Dragonhide Legguards
28129	Gladiator's Dragonhide Spaulders
28130	Gladiator's Dragonhide Tunic
28134	Brooch of Heightened Potential
28136	Gladiator's Wyrmhide Gloves
28137	Gladiator's Wyrmhide Helm
28138	Gladiator's Wyrmhide Legguards
28139	Gladiator's Wyrmhide Spaulders
28140	Gladiator's Wyrmhide Tunic
28155	Apothecary's Waistband
28158	Batskin Belt
28162	Tranquillien Defender's Girdle
28164	Tranquillien Flamberge
28166	Shield of the Void
28167	Sha'tari Wrought Armguards
28170	Auchenai Bracers
28171	Spymistress's Wristguards
28174	Shattrath Wraps
28176	Sha'tari Wrought Greaves
28177	Auchenai Boots
28178	Spymistress's Boots
28179	Shattrath Jumpers
28180	Myrmidon's Headdress
28181	Earthwarden's Coif
28182	Helm of the Claw
28183	Hydromancer's Headwrap
28184	Millennium Blade
28185	Khadgar's Kilt of Abjuration
28186	Laughing Skull Battle-Harness
28187	Star-Heart Lamp
28188	Bloodfire Greatstaff
28189	Latro's Shifting Sword
28190	Scarab of the Infinite Cycle
28191	Mana-Etched Vestments
28192	Helm of Desolation
28193	Mana-Etched Crown
28194	Primal Surge Bracers
28202	Moonglade Robe
28203	Breastplate of the Righteous
28204	Tunic of Assassination
28205	Breastplate of the Bold
28206	Cowl of the Guiltless
28207	Pauldrons of the Crimson Flight
28210	Bloodskull Destroyer
28211	Lieutenant's Signet of Lordaeron
28212	Aran's Sorcerous Slacks
28213	Lordaeron Medical Guide
28214	Grips of the Lunar Eclipse
28215	Mok'Nathal Mask of Battle
28216	Dathrohan's Ceremonial Hammer
28217	Tarren Mill Vitality Locket
28218	Pontiff's Pantaloons of Prophecy
28219	Emerald-Scale Greaves
28220	Moon-Crown Antlers
28221	Boots of the Watchful Heart
28222	Reaver of the Infinites
28223	Arcanist's Stone
28224	Wastewalker Helm
28225	Doomplate Warhelm
28226	Timeslicer
28227	Sparking Arcanite Ring
28228	Beast Lord Cuirass
28229	Incanter's Robe
28230	Hallowed Garments
28231	Tidefury Chestpiece
28232	Robe of Oblivion
28233	Necklace of Resplendent Hope
28234	Medallion of the Alliance
28239	Medallion of the Horde
28240	Medallion of the Horde
28241	Medallion of the Horde
28242	Medallion of the Horde
28243	Medallion of the Horde
28244	Pendant of Triumph
28245	Pendant of Dominance
28246	Band of Triumph
28247	Band of Dominance
28248	Totem of the Void
28249	Capacitus' Cloak of Calibration
28250	Vestia's Pauldrons of Inner Grace
28251	Boots of the Glade-Keeper
28252	Bloodfyre Robes of Annihilation
28253	Plasma Rat's Hyper-Scythe
28254	Warp Engineer's Prismatic Chain
28255	Lunar-Claw Pauldrons
28256	Thoriumweave Cloak
28257	Hammer of the Penitent
28258	Nethershrike
28259	Cosmic Lifeband
28260	Manual of the Nethermancer
28262	Jade-Skull Breastplate
28263	Stellaris
28264	Wastewalker Tunic
28265	Dath'Remar's Ring of Defense
28266	Molten Earth Kilt
28267	Edge of the Cosmos
28268	Natural Mender's Wraps
28269	Baba's Cloak of Arcanistry
28270	Formula: Enchant Chest - Major Resilience
28271	Formula: Enchant Gloves - Spell Strike
28272	Formula: Enchant Gloves - Major Spellpower
28273	Formula: Enchant Gloves - Major Healing
28274	Formula: Enchant Cloak - Spell Penetration
28275	Beast Lord Helm
28276	Formula: Enchant Cloak - Greater Arcane Resistance
28277	Formula: Enchant Cloak - Greater Shadow Resistance
28278	Incanter's Cowl
28279	Formula: Enchant Boots - Cat's Swiftness
28280	Formula: Enchant Boots - Boar's Speed
28281	Formula: Enchant Weapon - Major Healing
28282	Formula: Enchant Shield - Major Stamina
28285	Helm of the Righteous
28286	Telescopic Sharprifle
28288	Abacus of Violent Odds
28290	Smooth Golden Draenite
28291	Design: Smooth Golden Draenite
28292	Archmage Vargoth's Staff
28293	High Warlord's Claymore
28294	Gladiator's Heavy Crossbow
28295	Gladiator's Slicer
28296	Libram of the Lightbringer
28297	Gladiator's Spellblade
28298	Gladiator's Decapitator
28299	Gladiator's Bonegrinder
28300	Gladiator's Painsaw
28301	Syrannis' Mystic Sheen
28302	Gladiator's Bonecracker
28304	Prismatic Mittens of Mending
28305	Gladiator's Pummeler
28306	Towering Mantle of the Hunt
28307	Gladiator's Quickblade
28308	Gladiator's Cleaver
28309	Gladiator's Hacker
28310	Gladiator's Shiv
28311	Revenger
28312	Gladiator's Shanker
28313	Gladiator's Right Ripper
28314	Gladiator's Left Ripper
28315	Stormreaver Warblades
28316	Aegis of the Sunbird
28317	Energis Armwraps
28318	Obsidian Clodstompers
28319	Gladiator's War Edge
28320	Gladiator's Touch of Defeat
28321	Enchanted Thorium Torque
28322	Runed Dagger of Solace
28323	Ring of Umbral Doom
28324	Gauntlets of Cruel Intention
28325	Dreamer's Dragonstaff
28327	Arcane Netherband
28328	Mithril-Bark Cloak
28331	Gladiator's Chain Helm
28332	Gladiator's Chain Leggings
28333	Gladiator's Chain Spaulders
28334	Gladiator's Chain Armor
28335	Gladiator's Chain Gauntlets
28336	Belmara's Tome
28337	Breastplate of Righteous Fury
28338	Devil-Stitched Leggings
28339	Boots of the Shifting Sands
28340	Mantle of Autumn
28341	Warpstaff of Arcanum
28342	Warp Infused Drape
28343	Jagged Bark Pendant
28344	Wyrmfury Pauldrons
28345	Warp Splinter's Thorn
28346	Gladiator's Endgame
28347	Warpscale Leggings
28348	Moonglade Cowl
28349	Tidefury Helm
28350	Warhelm of the Bold
28351	Dathric's Blade
28352	Luminrath's Mantle
28353	Cohlien's Cap
28355	Gladiator's Idol of Tenacity
28356	Gladiator's Libram of Justice
28357	Gladiator's Totem of the Third Wind
28358	Gladiator's Shield Wall
28359	Netherologist's Notes
28360	Mighty Blood Garnet
28362	Bold Ornate Ruby
28363	Inscribed Ornate Topaz
28364	Etherlithium Matrix Crystal
28367	Greatsword of Forlorn Visions
28368	Sigil of Krasus
28369	Battery Recharging Blaster
28370	Bangle of Endless Blessings
28371	Netherfury Cape
28372	Idol of Feral Shadows
28373	Cloak of Scintillating Auras
28374	Mana-Sphere Shoulderguards
28375	Rubium War-Girdle
28376	B'naar Personnel Roster
28377	Sergeant's Heavy Cloak
28378	Sergeant's Heavy Cape
28379	Sergeant's Heavy Cape
28381	General's Plate Bracers
28383	General's Plate Greaves
28384	Outland Striders
28385	General's Plate Belt
28386	Nether Core's Control Rod
28387	Lamp of Peaceful Repose
28390	Thatia's Self-Correcting Gauntlets
28391	Worldfire Chestguard
28392	Reflex Blades
28393	Warmaul of Infused Light
28394	Ryngo's Band of Ingenuity
28395	Shattered Halls Key
28396	Gloves of the Unbound
28397	Emberhawk Crossbow
28398	The Sleeper's Cord
28399	Filtered Draenic Water
28400	Warp-Storm Warblade
28401	Hauberk of Desolation
28402	General's Dreadweave Stalkers
28403	Doomplate Chestguard
28404	General's Dreadweave Belt
28405	General's Dreadweave Cuffs
28406	Sigil-Laced Boots
28407	Elementium Band of the Sentry
28409	General's Silk Belt
28410	General's Silk Footguards
28411	General's Silk Cuffs
28412	Lamp of Peaceful Radiance
28413	Hallowed Crown
28414	Helm of Assassination
28415	Hood of Oblivion
28416	Hungering Spineripper
28417	Nether Ray Stinger
28418	Shiffar's Nexus-Horn
28419	Choker of Fluid Thought
28420	Fel Weightstone
28421	Adamantite Weightstone
28422	General's Leather Boots
28423	General's Leather Belt
28424	General's Leather Bracers
28425	Fireguard
28426	Blazeguard
28427	Blazefury
28428	Lionheart Blade
28429	Lionheart Champion
28430	Lionheart Executioner
28431	The Planar Edge
28432	Black Planar Edge
28433	Wicked Edge of the Planes
28434	Lunar Crescent
28435	Mooncleaver
28436	Bloodmoon
28437	Drakefist Hammer
28438	Dragonmaw
28439	Dragonstrike
28440	Thunder
28441	Deep Thunder
28442	Stormherald
28443	General's Dragonhide Belt
28444	General's Dragonhide Boots
28445	General's Dragonhide Bracers
28446	General's Wyrmhide Belt
28447	General's Wyrmhide Boots
28448	General's Wyrmhide Bracers
28449	General's Chain Sabatons
28450	General's Chain Girdle
28451	General's Chain Bracers
28452	Bloodgem Shard
28453	Bracers of the White Stag
28454	Stalker's War Bands
28455	Archmage Vargoth's Staff
28457	Ethereal Technology
28458	Bold Tourmaline
28459	Delicate Tourmaline
28460	Teardrop Tourmaline
28461	Runed Tourmaline
28462	Bright Tourmaline
28463	Solid Zircon
28464	Sparkling Zircon
28465	Lustrous Zircon
28466	Brilliant Amber
28467	Smooth Amber
28468	Rigid Amber
28469	Gleaming Amber
28470	Thick Amber
28472	Krasus's Compendium - Chapter 1
28473	Krasus's Compendium - Chapter 2
28474	Krasus's Compendium - Chapter 3
28475	Heliotrope Oculus
28476	Gladiator's Maul
28477	Harbinger Bands
28479	Stone of Glacius
28481	Brown Elekk
28483	Breastplate of Kings
28484	Bulwark of Kings
28485	Bulwark of the Ancient Kings
28486	Moser's Magnificent Muffin
28491	Windwalker's Footwraps of the Nightmare
28492	Talonite's Boots of the Shadow
28493	Dreadhawk's Schynbald of the Ancestor
28494	Ravenguard's Greaves of the Crusade
28495	Windwalker's Sash of the Nightmare
28496	Talonite's Belt of the Shadow
28497	Dreadhawk's Girdle of the Hunt
28502	Vambraces of Courage
28503	Whirlwind Bracers
28504	Steelhawk Crossbow
28505	Gauntlets of Renewed Hope
28506	Gloves of Dexterous Manipulation
28507	Handwraps of Flowing Thought
28508	Gloves of Saintly Blessings
28509	Worgen Claw Necklace
28510	Spectral Band of Innervation
28511	Bands of Indwelling
28512	Bracers of Justice
28514	Bracers of Maliciousness
28515	Bands of Nefarious Deeds
28516	Barbed Choker of Discipline
28517	Boots of Foretelling
28518	Iron Gauntlets of the Maiden
28519	Gloves of Quickening
28520	Gloves of Centering
28521	Mitts of the Treemender
28522	Shard of the Virtuous
28523	Totem of Healing Rains
28524	Emerald Ripper
28525	Signet of Unshakable Faith
28526	Etherlithium Matrix Crystals
28527	Mana Wraith Essence
28528	Moroes' Lucky Pocket Watch
28529	Royal Cloak of Arathi Kings
28530	Brooch of Unquenchable Fury
28536	Jagged Guillotine of the Whale
28539	Razor-Edged Boomerang of Spirit
28542	Heartseeker Knives of the Owl
28543	Dreghood Throwing Axe of Power
28544	Assassin's Shuriken of Strength
28545	Edgewalker Longboots
28547	Elemental Power Extractor
28548	Elemental Power
28550	Flaming Torch
28551	Fel Reaver Part
28553	Band of the Exorcist
28555	Seal of the Exorcist
28556	Swift Windfire Diamond
28557	Swift Starfire Diamond
28558	Spirit Shard
28559	Exorcist's Plate Helm
28560	Exorcist's Lamellar Helm
28561	Exorcist's Leather Helm
28563	Doomclaw's Hand
28564	Energy Isolation Cube
28565	Nethershard Girdle
28566	Crimson Girdle of the Indomitable
28567	Belt of Gale Force
28568	Idol of the Avian Heart
28569	Boots of Valiance
28570	Shadow-Cloak of Dalaran
28572	Blade of the Unrequited
28573	Despair
28574	Exorcist's Dragonhide Helm
28575	Exorcist's Wyrmhide Helm
28576	Exorcist's Chain Helm
28577	Exorcist's Linked Helm
28578	Masquerade Gown
28579	Romulo's Poison Vial
28581	Wolfslayer Sniper Rifle
28582	Red Riding Hood's Cloak
28583	Big Bad Wolf's Head
28584	Big Bad Wolf's Paw
28585	Ruby Slippers
28586	Wicked Witch's Hat
28587	Legacy
28588	Blue Diamond Witchwand
28589	Beastmaw Pauldrons
28590	Ribbon of Sacrifice
28591	Earthsoul Leggings
28592	Libram of Souls Redeemed
28593	Eternium Greathelm
28594	Trial-Fire Trousers
28595	Bright Blood Garnet
28596	Design: Bright Blood Garnet
28597	Panzar'Thar Breastplate
28599	Scaled Breastplate of Carnage
28600	Stonebough Jerkin
28601	Chestguard of the Conniver
28602	Robe of the Elder Scribes
28603	Talisman of Nightbane
28604	Nightstaff of the Everliving
28605	General's Linked Bracers
28606	Shield of Impenetrable Darkness
28607	Sunfury Disguise
28608	Ironstriders of Urgency
28609	Emberspur Talisman
28610	Ferocious Swift-Kickers
28611	Dragonheart Flameshield
28612	Pauldrons of the Solace-Giver
28615	Grand Marshal's Chain Helm
28621	Wrynn Dynasty Greaves
28629	General's Linked Girdle
28630	General's Linked Sabatons
28631	Dragon-Quake Shoulderguards
28632	Plans: Adamantite Weightstone
28633	Staff of Infinite Mysteries
28634	Scrap Reaver X6000 Controller
28635	Sunfury Arcanist Robes
28636	Sunfury Researcher Gloves
28637	Sunfury Guardsman Medallion
28638	General's Mail Bracers
28640	General's Mail Sabatons
28641	General's Lamellar Belt
28642	General's Lamellar Greaves
28643	General's Lamellar Bracers
28644	General's Scaled Belt
28645	General's Scaled Greaves
28646	General's Scaled Bracers
28647	Forest Wind Shoulderpads
28649	Garona's Signet Ring
28652	Cincture of Will
28653	Shadowvine Cloak of Infusion
28654	Malefic Girdle
28655	Cord of Nature's Sustenance
28656	Girdle of the Prowler
28657	Fool's Bane
28658	Terestian's Stranglestaff
28659	Xavian Stiletto
28660	Gilded Thorium Cloak
28661	Mender's Heart-Ring
28662	Breastplate of the Lightbinder
28663	Boots of the Incorrupt
28666	Pauldrons of the Justice-Seeker
28669	Rapscallion Boots
28670	Boots of the Infernal Coven
28671	Steelspine Faceguard
28672	Drape of the Dark Reavers
28673	Tirisfal Wand of Ascendancy
28674	Saberclaw Talisman
28675	Shermanar Great-Ring
28679	Grand Marshal's Lamellar Chestpiece
28681	Grand Marshal's Lamellar Helm
28683	Grand Marshal's Lamellar Shoulders
28685	Grand Marshal's Leather Helm
28699	Grand Marshal's Plate Chestpiece
28709	Grand Marshal's Scaled Chestpiece
28711	Grand Marshal's Scaled Helm
28713	Grand Marshal's Scaled Shoulders
28724	Grand Marshal's Lamellar Legguards
28725	Rune Activation Device
28726	Mantle of the Mind Flayer
28727	Pendant of the Violet Eye
28728	Aran's Soothing Sapphire
28729	Spiteblade
28730	Mithril Band of the Unscarred
28731	Shining Chain of the Afterworld
28732	Cowl of Defiance
28733	Girdle of Truth
28734	Jewel of Infinite Possibilities
28735	Earthblood Chestguard
28740	Rip-Flayer Leggings
28741	Skulker's Greaves
28742	Pantaloons of Repentance
28743	Mantle of Abrahmis
28744	Uni-Mind Headdress
28745	Mithril Chain of Heroism
28746	Fiend Slayer Boots
28747	Battlescar Boots
28748	Legplates of the Innocent
28749	King's Defender
28750	Girdle of Treachery
28751	Heart-Flame Leggings
28752	Forestlord Striders
28753	Ring of Recurrence
28754	Triptych Shield of the Ancients
28755	Bladed Shoulderpads of the Merciless
28756	Headdress of the High Potentate
28757	Ring of a Thousand Marks
28758	Exorcist's Mail Helm
28759	Exorcist's Dreadweave Hood
28760	Exorcist's Silk Hood
28761	Exorcist's Scaled Helm
28762	Adornment of Stolen Souls
28763	Jade Ring of the Everliving
28764	Farstrider Wildercloak
28765	Stainless Cloak of the Pure Hearted
28766	Ruby Drape of the Mysticant
28767	The Decapitator
28768	Malchazeen
28769	The Keystone
28770	Nathrezim Mindblade
28771	Light's Justice
28772	Sunfury Bow of the Phoenix
28773	Gorehowl
28774	Glaive of the Pit
28775	Thundering Greathelm
28776	Liar's Tongue Gloves
28777	Cloak of the Pit Stalker
28778	Terror Pit Girdle
28779	Girdle of the Endless Pit
28780	Soul-Eater's Handwraps
28781	Karaborian Talisman
28782	Crystalheart Pulse-Staff
28783	Eredar Wand of Obliteration
28785	The Lightning Capacitor
28786	Apex's Crystal Focus
28787	Annihilator Servo
28789	Eye of Magtheridon
28791	Ring of the Recalcitrant
28792	A'dal's Signet of Defense
28793	Band of Crimson Fury
28794	Axe of the Gronn Lords
28795	Bladespire Warbands
28796	Malefic Mask of the Shadows
28797	Brute Cloak of the Ogre-Magi
28799	Belt of Divine Inspiration
28800	Hammer of the Naaru
28801	Maulgar's Warhelm
28802	Bloodmaw Magus-Blade
28803	Cowl of Nature's Breath
28804	Collar of Cho'gall
28807	High Warlord's Chain Helm
28810	Windshear Boots
28811	High Warlord's Dragonhide Gloves
28812	High Warlord's Dragonhide Helm
28813	High Warlord's Dragonhide Legguards
28814	High Warlord's Dragonhide Spaulders
28815	High Warlord's Dragonhide Tunic
28817	High Warlord's Dreadweave Gloves
28818	High Warlord's Dreadweave Hood
28819	High Warlord's Dreadweave Leggings
28820	High Warlord's Dreadweave Mantle
28821	High Warlord's Dreadweave Robe
28822	Teeth of Gruul
28824	Gauntlets of Martial Perfection
28825	Aldori Legacy Defender
28826	Shuriken of Negation
28827	Gauntlets of the Dragonslayer
28828	Gronn-Stitched Girdle
28829	Arklon Crystal Artifact
28830	Dragonspine Trophy
28831	High Warlord's Lamellar Chestpiece
28832	High Warlord's Lamellar Gauntlets
28833	High Warlord's Lamellar Helm
28834	High Warlord's Lamellar Legguards
28835	High Warlord's Lamellar Shoulders
28836	High Warlord's Leather Gloves
28837	High Warlord's Leather Helm
28838	High Warlord's Leather Legguards
28839	High Warlord's Leather Spaulders
28840	High Warlord's Leather Tunic
28843	High Warlord's Linked Helm
28845	High Warlord's Linked Spaulders
28851	High Warlord's Plate Chestpiece
28852	High Warlord's Plate Gauntlets
28853	High Warlord's Plate Helm
28854	High Warlord's Plate Legguards
28855	High Warlord's Plate Shoulders
28861	High Warlord's Scaled Chestpiece
28862	High Warlord's Scaled Gauntlets
28863	High Warlord's Scaled Helm
28865	High Warlord's Scaled Shoulders
28866	High Warlord's Silk Amice
28867	High Warlord's Silk Cowl
28868	High Warlord's Silk Handguards
28869	High Warlord's Silk Raiment
28870	High Warlord's Silk Trousers
28871	High Warlord's Wyrmhide Gloves
28872	High Warlord's Wyrmhide Helm
28873	High Warlord's Wyrmhide Legguards
28874	High Warlord's Wyrmhide Spaulders
28875	High Warlord's Wyrmhide Tunic
28878	Inscription of Faith
28881	Inscription of Discipline
28882	Inscription of Warding
28885	Inscription of Vengeance
28886	Greater Inscription of Discipline
28887	Greater Inscription of Faith
28888	Greater Inscription of Vengeance
28889	Greater Inscription of Warding
28903	Inscription of the Orb
28904	Inscription of the Oracle
28907	Inscription of the Blade
28908	Inscription of the Knight
28909	Greater Inscription of the Orb
28910	Greater Inscription of the Blade
28911	Greater Inscription of the Knight
28912	Greater Inscription of the Oracle
28913	Box of Surveying Equipment
28915	Reins of the Dark Riding Talbuk
28917	High Warlord's Bonegrinder
28918	High Warlord's Decapitator
28919	High Warlord's Maul
28920	High Warlord's Cleaver
28921	High Warlord's Hacker
28922	High Warlord's Left Ripper
28923	High Warlord's Painsaw
28924	High Warlord's Bonecracker
28925	High Warlord's Pummeler
28926	High Warlord's Quickblade
28927	Red Hawkstrider
28928	High Warlord's Right Ripper
28929	High Warlord's Shanker
28930	High Warlord's Shiv
28931	High Warlord's Spellblade
28933	High Warlord's Heavy Crossbow
28934	Surveying Equipment
28935	High Warlord's War Staff
28937	High Warlord's Slicer
28938	High Warlord's Battletome
28939	High Warlord's Barricade
28947	Grand Marshal's Left Ripper
28948	Grand Marshal's Maul
28953	Grand Marshal's Right Ripper
28955	Grand Marshal's Shiv
28956	Grand Marshal's Slicer
28962	Triangulation Device
28963	Voidheart Crown
28964	Voidheart Robe
28966	Voidheart Leggings
28967	Voidheart Mantle
28968	Voidheart Gloves
28969	Teleporter Power Pack
28970	Nether Dragon Essence
28971	Nether Dragonkin Egg
28972	Flightblade Throwing Axe
28978	Marshal's Dragonhide Bracers
28979	Light Throwing Knife
28983	Marshal's Lamellar Belt
28984	Marshal's Lamellar Bracers
28985	Marshal's Lamellar Greaves
28986	Marshal's Leather Belt
28987	Marshal's Leather Boots
28988	Marshal's Leather Bracers
28989	Marshal's Linked Bracers
28995	Marshal's Plate Belt
28996	Marshal's Plate Bracers
28997	Marshal's Plate Greaves
28999	Marshal's Scaled Bracers
29000	Marshal's Scaled Greaves
29007	Weighted Throwing Axe
29008	Sharp Throwing Axe
29009	Heavy Throwing Dagger
29010	Wicked Throwing Dagger
29011	Warbringer Greathelm
29012	Warbringer Chestguard
29013	Jagged Throwing Axe
29014	Blacksteel Throwing Dagger
29015	Warbringer Legguards
29016	Warbringer Shoulderguards
29017	Warbringer Handguards
29018	Triangulation Device
29019	Warbringer Breastplate
29020	Warbringer Gauntlets
29021	Warbringer Battle-Helm
29022	Warbringer Greaves
29023	Warbringer Shoulderplates
29026	Ata'mal Crystal
29028	Cyclone Headdress
29029	Cyclone Hauberk
29030	Cyclone Kilt
29031	Cyclone Shoulderpads
29032	Cyclone Gloves
29033	Cyclone Chestguard
29034	Cyclone Handguards
29035	Cyclone Faceguard
29036	Cyclone Legguards
29037	Cyclone Shoulderguards
29038	Cyclone Breastplate
29039	Cyclone Gauntlets
29040	Cyclone Helm
29042	Cyclone War-Kilt
29043	Cyclone Shoulderplates
29044	Netherblade Facemask
29045	Netherblade Chestpiece
29046	Netherblade Breeches
29047	Netherblade Shoulderpads
29048	Netherblade Gloves
29049	Light-Collar of the Incarnate
29050	Robes of the Incarnate
29053	Trousers of the Incarnate
29054	Light-Mantle of the Incarnate
29055	Handwraps of the Incarnate
29056	Shroud of the Incarnate
29057	Gloves of the Incarnate
29058	Soul-Collar of the Incarnate
29059	Leggings of the Incarnate
29060	Soul-Mantle of the Incarnate
29061	Justicar Diadem
29062	Justicar Chestpiece
29063	Justicar Leggings
29064	Justicar Pauldrons
29065	Justicar Gloves
29066	Justicar Chestguard
29067	Justicar Handguards
29068	Justicar Faceguard
29069	Justicar Legguards
29070	Justicar Shoulderguards
29071	Justicar Breastplate
29073	Justicar Crown
29074	Justicar Greaves
29075	Justicar Shoulderplates
29076	Collar of the Aldor
29077	Vestments of the Aldor
29078	Legwraps of the Aldor
29079	Pauldrons of the Aldor
29080	Gloves of the Aldor
29081	Demon Stalker Greathelm
29082	Demon Stalker Harness
29083	Demon Stalker Greaves
29084	Demon Stalker Shoulderguards
29085	Demon Stalker Gauntlets
29086	Crown of Malorne
29087	Chestguard of Malorne
29088	Legguards of Malorne
29089	Shoulderguards of Malorne
29090	Handguards of Malorne
29091	Chestpiece of Malorne
29092	Gloves of Malorne
29093	Antlers of Malorne
29094	Britches of Malorne
29095	Pauldrons of Malorne
29096	Breastplate of Malorne
29097	Gauntlets of Malorne
29098	Stag-Helm of Malorne
29099	Greaves of Malorne
29100	Mantle of Malorne
29101	Challenge of the Blue Flight
29102	Reins of the Cobalt War Talbuk
29103	Reins of the White War Talbuk
29104	Reins of the Silver War Talbuk
29105	Reins of the Tan War Talbuk
29106	Ata'mal Crystal
29115	Consortium Blaster
29116	Nomad's Leggings
29117	Stormspire Vest
29118	Smuggler's Ammo Pouch
29119	Haramad's Bargain
29121	Guile of Khoraazi
29122	Nether Runner's Cowl
29123	Medallion of the Lightbearer
29124	Vindicator's Brand
29125	Retainer's Blade
29126	Seer's Signet
29127	Vindicator's Hauberk
29128	Lightwarden's Band
29129	Anchorite's Robes
29130	Auchenai Staff
29131	Retainer's Leggings
29132	Scryer's Bloodgem
29133	Seer's Cane
29134	Gauntlets of the Chosen
29135	Earthcaller's Headdress
29137	Hellscream's Will
29139	Ceremonial Cover
29141	Tempest Leggings
29143	Clefthoof Hide Quiver
29145	Band of Ancestral Spirits
29147	Talbuk Hide Spaulders
29148	Blackened Leather Spaulders
29149	Sporeling's Firestick
29150	Hardened Stone Shard
29151	Veteran's Musket
29152	Marksman's Bow
29153	Blade of the Archmage
29155	Stormcaller
29156	Honor's Call
29157	Golden Ring of Power
29158	Truesilver Commander's Ring
29159	Glowing Thorium Band
29160	Emerald Lion Ring
29163	Raw Farahlite
29164	Farahlite Core
29165	Warbringer
29166	Hellforged Halberd
29167	Blackened Spear
29168	Ancestral Band
29170	Windcaller's Orb
29171	Earthwarden
29172	Ashyen's Gift
29173	Strength of the Untamed
29174	Watcher's Cowl
29175	Gavel of Pure Light
29176	Crest of the Sha'tar
29177	A'dal's Command
29179	Xi'ri's Gift
29180	Blessed Scale Girdle
29181	Timelapse Shard
29182	Riftmaker
29183	Bindings of the Timewalker
29184	Timewarden's Leggings
29185	Continuum Blade
29186	Glyph of the Defender
29187	Inscription of Endurance
29189	Glyph of Renewal
29190	Glyph of Renewal
29191	Glyph of Power
29192	Glyph of Ferocity
29194	Glyph of Nature Warding
29195	Glyph of Arcane Warding
29197	Glyph of Fire Warding
29198	Glyph of Frost Warding
29199	Glyph of Shadow Warding
29201	Thick Bronze Darts
29202	Whirling Steel Axes
29203	Enchanted Thorium Blades
29204	Felsteel Whisper Knives
29207	Conjuring Powder
29209	Zaxxis Insignia
29211	Fitz's Throwing Axe
29216	Flawless Crystal Shard
29222	Purple Hawkstrider
29228	Reins of the Dark War Talbuk
29232	Recipe: Transmute Skyfire Diamond
29233	Dathric's Blade
29234	Belmara's Tome
29235	Luminrath's Mantle
29236	Cohlien's Cap
29238	Lion's Heart Girdle
29239	Eaglecrest Warboots
29240	Bands of Negation
29241	Belt of Depravity
29242	Boots of Blasphemy
29243	Wave-Fury Vambraces
29244	Wave-Song Girdle
29245	Wave-Crest Striders
29246	Nightfall Wristguards
29247	Girdle of the Deathdealer
29248	Shadowstep Striders
29249	Bands of the Benevolent
29250	Cord of Sanctification
29251	Boots of the Pious
29252	Bracers of Dignity
29253	Girdle of Valorous Deeds
29254	Boots of the Righteous Path
29255	Bands of Rarefied Magic
29257	Sash of Arcane Visions
29258	Boots of Ethereal Manipulation
29259	Bracers of the Hunt
29260	Heart of the Fel Reaver
29261	Girdle of Ferocity
29262	Boots of the Endless Hunt
29263	Forestheart Bracers
29264	Tree-Mender's Belt
29265	Barkchip Boots
29266	Azure-Shield of Coldarra
29267	Light-Bearer's Faith Shield
29268	Mazthoril Honor Shield
29269	Sapphiron's Wing Bone
29270	Flametongue Seal
29271	Talisman of Kalecgos
29272	Orb of the Soul-Eater
29273	Khadgar's Knapsack
29274	Tears of Heaven
29275	Searing Sunblade
29276	Violet Signet
29277	Violet Signet
29278	Violet Signet
29279	Violet Signet of the Great Protector
29280	Violet Signet
29281	Violet Signet
29282	Violet Signet
29283	Violet Signet of the Master Assassin
29284	Violet Signet
29285	Violet Signet
29286	Violet Signet
29287	Violet Signet of the Archmage
29288	Violet Signet
29289	Violet Signet
29290	Violet Signet of the Grand Restorer
29291	Violet Signet
29293	Bonestripper Buzzard Hotwings
29294	Band of Eternity
29295	Band of Eternity
29296	Band of Eternity
29297	Band of the Eternal Defender
29298	Band of Eternity
29299	Band of Eternity
29300	Band of Eternity
29301	Band of the Eternal Champion
29302	Band of Eternity
29303	Band of Eternity
29304	Band of Eternity
29305	Band of the Eternal Sage
29306	Band of Eternity
29307	Band of Eternity
29308	Band of Eternity
29309	Band of the Eternal Restorer
29316	Warchief's Mantle
29317	Tempest's Touch
29318	Southshore Sneakers
29319	Tarren Mill Defender's Cinch
29320	Band of the Guardian
29321	Time-bending Gem
29322	Keeper's Ring of Piety
29323	Andormu's Tear
29324	Warp-Attuned Orb
29331	Annals of Kirin'Var
29338	Loathsome Remnant
29346	Feltooth Eviscerator
29347	Talisman of the Breaker
29348	The Bladefist
29349	Adamantine Chain of the Unbroken
29350	The Black Stalk
29351	Wrathtide Longbow
29352	Cobalt Band of Tyrigosa
29353	Shockwave Truncheon
29354	Light-Touched Stole of Altruism
29355	Terokk's Shadowstaff
29356	Quantum Blade
29357	Master Thief's Gloves
29359	Feral Staff of Lashing
29360	Vileblade of the Betrayer
29361	Naberius's Phylactery
29362	The Sun Eater
29365	Smithing Hammer
29366	B'naar Access Crystal
29367	Ring of Cryptic Dreams
29368	Manasurge Pendant
29369	Shawl of Shifting Probabilities
29370	Icon of the Silver Crescent
29371	Nexus-Claw
29372	Void-Talon
29373	Band of Halos
29374	Necklace of Eternal Hope
29375	Bishop's Cloak
29376	Essence of the Martyr
29377	Ethereum Phase-Spear
29378	Starheart Baton
29379	Ring of Arathi Warlords
29380	Ethereum Phase Blade
29381	Choker of Vile Intent
29382	Blood Knight War Cloak
29383	Bloodlust Brooch
29384	Ring of Unyielding Force
29385	Farstrider Defender's Cloak
29386	Necklace of the Juggernaut
29387	Gnomeregan Auto-Blocker 600
29388	Libram of Repentance
29389	Totem of the Pulsing Earth
29390	Everbloom Idol
29391	Pulse Dagger
29393	Diamond Berries
29394	Lyribread
29396	Coruu Access Crystal
29397	Duro Access Crystal
29411	Ara Access Crystal
29428	Bessy's Bell
29429	Boom's Doom
29443	Bloodmaul Brutebane Brew
29445	Surveying Markers
29447	Fel Zapper
29448	Mag'har Mild Cheese
29449	Bladespire Bagel
29450	Telaari Grapes
29451	Clefthoof Ribs
29453	Sporeggar Mushroom
29456	Gift of the Ethereal
29457	Nethershard
29458	Aegis of the Vindicator
29459	Ethereum Relay Data
29460	Ethereum Prison Key
29461	Mana Bomb Fragment
29463	Amber Bands of the Aggressor
29464	Shaleskin Shale
29466	Black War Kodo
29469	Horn of the Black War Wolf
29470	Red Skeletal Warhorse
29472	Whistle of the Black War Raptor
29473	Protectorate Igniter
29474	Ivory Bell
29482	Ethereum Essence
29483	Shadow Armor Kit
29486	Frost Armor Kit
29487	Nature Armor Kit
29488	Arcane Armor Kit
29494	Flamescale Belt
29500	Blastguard Belt
29502	Cobrascale Hood
29503	Cobrascale Gloves
29505	Hood of Primal Life
29506	Gloves of the Living Touch
29507	Windslayer Wraps
29515	Ebon Netherscale Breastplate
29516	Ebon Netherscale Belt
29517	Ebon Netherscale Bracers
29518	Amani Scimitar
29519	Netherstrike Breastplate
29520	Netherstrike Belt
29521	Netherstrike Bracers
29522	Windhawk Hauberk
29523	Windhawk Bracers
29524	Windhawk Belt
29525	Primalstrike Vest
29526	Primalstrike Belt
29527	Primalstrike Bracers
29528	Drums of War
29529	Drums of Battle
29530	Drums of Speed
29531	Drums of Restoration
29532	Drums of Panic
29533	Cobrahide Leg Armor
29534	Clefthide Leg Armor
29535	Nethercobra Leg Armor
29536	Nethercleft Leg Armor
29539	Cobra Scales
29540	Reinforced Mining Bag
29545	Sunfury Military Briefing
29546	Sunfury Arcane Briefing
29547	Wind Scales
29548	Nether Dragonscales
29549	Codex: Prayer of Fortitude III
29550	Tome of Conjure Water IX
29553	Basilisk Liver
29554	Encrusted Basilisk Skin
29555	Glimmering Basilisk Skin
29556	Basilisk Venom Sac
29559	Vibrant Feather
29560	Electrified Scale
29562	Dragon's Tooth
29563	Dragon's Claw
29564	Dragon's Fang
29567	Raptor Talon
29568	Raptor War Feather
29569	Strong Junkbox
29570	A Gnome Effigy
29571	A Steamy Romance Novel
29575	A Jack-o'-Lantern
29578	Crystalized Stone
29579	Crystalized Stone Chips
29580	Crystal Fragments
29581	Strange Crystal
29582	Ethereum Data Cell
29584	Throat Piercers
29591	Prepared Ethereum Wrapping
29592	Insignia of the Horde
29601	Blood Guard's Lamellar Sabatons
29602	Legionnaire's Lamellar Breastplate
29603	Legionnaire's Lamellar Leggings
29605	Champion's Lamellar Shoulders
29612	General's Lamellar Boots
29613	General's Lamellar Gloves
29614	General's Lamellar Legplates
29615	Warlord's Lamellar Chestplate
29616	Warlord's Lamellar Faceguard
29617	Warlord's Lamellar Pauldrons
29618	Protectorate Disruptor
29624	First Half of Socrethar's Stone
29625	Second Half of Socrethar's Stone
29664	Pattern: Reinforced Mining Bag
29669	Pattern: Shadow Armor Kit
29672	Pattern: Flame Armor Kit
29673	Pattern: Frost Armor Kit
29674	Pattern: Nature Armor Kit
29675	Pattern: Arcane Armor Kit
29677	Pattern: Enchanted Felscale Leggings
29682	Pattern: Enchanted Felscale Gloves
29684	Pattern: Enchanted Felscale Boots
29689	Pattern: Flamescale Leggings
29691	Pattern: Flamescale Boots
29693	Pattern: Flamescale Belt
29698	Pattern: Enchanted Clefthoof Leggings
29699	Socrethar's Teleportation Stone
29700	Pattern: Enchanted Clefthoof Gloves
29701	Pattern: Enchanted Clefthoof Boots
29702	Pattern: Blastguard Pants
29703	Pattern: Blastguard Boots
29704	Pattern: Blastguard Belt
29713	Pattern: Drums of Panic
29717	Pattern: Drums of Battle
29720	Pattern: Clefthide Leg Armor
29721	Pattern: Nethercleft Leg Armor
29723	Pattern: Cobrascale Hood
29724	Pattern: Cobrascale Gloves
29725	Pattern: Windscale Hood
29726	Pattern: Hood of Primal Life
29727	Pattern: Gloves of the Living Touch
29728	Pattern: Windslayer Wraps
29729	Pattern: Living Dragonscale Helm
29730	Pattern: Earthen Netherscale Boots
29732	Pattern: Netherdrake Helm
29734	Pattern: Thick Netherscale Breastplate
29737	Navuud's Concoction
29738	Vial of Void Horror Ooze
29741	Diagnostic Results
29742	The Warden's Key
29743	Purple Elekk
29745	Great Blue Elekk
29747	Great Purple Elekk
29750	Ethereum Stasis Chamber Key
29753	Chestguard of the Fallen Defender
29754	Chestguard of the Fallen Champion
29755	Chestguard of the Fallen Hero
29756	Gloves of the Fallen Hero
29757	Gloves of the Fallen Champion
29758	Gloves of the Fallen Defender
29759	Helm of the Fallen Hero
29760	Helm of the Fallen Champion
29761	Helm of the Fallen Defender
29762	Pauldrons of the Fallen Hero
29763	Pauldrons of the Fallen Champion
29764	Pauldrons of the Fallen Defender
29765	Leggings of the Fallen Hero
29766	Leggings of the Fallen Champion
29767	Leggings of the Fallen Defender
29769	Diagnostic Results
29770	Experimental Repair Apparatus
29771	Kirin'Var Journeyman's Belt
29772	Kirin'Var Scout's Belt
29773	Battle-Mage's Helmet
29774	Kirin'Var Defender's Chausses
29775	Pendant of the Battle-Mage
29776	Core of Ar'kelos
29777	Cloak of the Valiant Defender
29778	Phase Disruptor
29779	Rejuvenating Scepter
29780	Kirin Tor Apprentice's Robes
29781	Lifewarden's Breastplate
29782	Coif of the Wicked
29783	Legguards of the Resolute Defender
29784	Harmony's Touch
29785	Crimson Mail Bracers
29786	Kirin'Var Defender's Greaves
29787	Master Smith's Hammer
29788	Finely Wrought Scale Leggings
29789	Andrethan's Masterwork
29791	Reinforced Heaume
29792	Dawnstrike's Cloak
29793	Signet of the Violet Tower
29794	Strength of the Violet Tower
29796	Socrethar's Teleportation Stone
29797	Orders From Kael'thas
29798	Dome Generator Segment
29799	Lifeless Tendril
29800	Evil Eye
29801	Ripfang Lynx Pelt
29803	Diagnostic Device
29804	Wrangler's Boots
29806	Cowpoke's Riding Gloves
29807	Engraved Cattleman's Buckle
29808	Shimmering Azure Boots
29810	Dragon Crested Epaulets
29811	Goldenlink Bracers
29812	Blued Steel Gauntlets
29813	Cloak of Woven Energy
29814	Celestial Jewel Ring
29815	Chain of Glowing Tendrils
29817	Talbuk Tagger
29818	Energy Field Modulator
29822	Fragment of Dimensius
29905	Kael's Vial Remnant
29906	Vashj's Vial Remnant
29918	Mindstorm Wristbands
29920	Phoenix-Ring of Rebirth
29921	Fire Crest Breastplate
29922	Band of Al'ar
29923	Talisman of the Sun King
29924	Netherbane
29925	Phoenix-Wing Cloak
29931	Phantasmal Headdress
29938	Battle Seeker Chestguard
29943	Legionnaire's Studded Helm
29945	Magistrate's Greaves
29947	Gloves of the Searing Grip
29948	Claw of the Phoenix
29949	Arcanite Steam-Pistol
29950	Greaves of the Bloodwarder
29951	Star-Strider Boots
29954	Spiritbinder's Mantle
29955	Mana Infused Wristguards
29959	Spiritualist's Gauntlets
29960	Captured Firefly
29962	Heartrazor
29965	Girdle of the Righteous Path
29966	Vambraces of Ending
29967	Nether Vest
29968	Nether Leggings
29969	Sparky's Discarded Helmet
29972	Trousers of the Astromancer
29973	Primalstorm Breastplate
29976	Worldstorm Gauntlets
29977	Star-Soul Breeches
29978	Consortium Combatant's Robes
29979	Netherstorm Eyepatch
29980	Midrealm Leggings
29981	Ethereum Life-Staff
29982	Wand of the Forgotten Star
29983	Fel-Steel Warhelm
29984	Girdle of Zaetar
29985	Void Reaver Greaves
29986	Cowl of the Grand Engineer
29987	Gauntlets of the Sun King
29988	The Nexus Key
29989	Sunshower Light Cloak
29990	Crown of the Sun
29991	Sunhawk Leggings
29992	Royal Cloak of the Sunstriders
29993	Twinblade of the Phoenix
29994	Thalassian Wildercloak
29995	Leggings of Murderous Intent
29996	Rod of the Sun King
29997	Band of the Ranger-General
29998	Royal Gauntlets of Silvermoon
29999	After Hours Pauldrons
30000	Mixologist's Gloves
30001	Doc's Belt
30002	Boot's Boots
30003	Gloves of the Nether-Stalker
30004	Landing Boots
30005	Overmaster's Shoulders
30006	Wind Trader's Band
30007	The Darkener's Grasp
30008	Pendant of the Lost Ages
30009	The Burning Crusader
30010	Fleshling Simulation Staff
30011	Ameer's Impulse Taser
30012	Ameer's Judgement
30013	Twin-Bladed Ripper
30014	X-52 Pilot's Leggings
30015	The Sun King's Talisman
30016	X-52 Technician's Helm
30017	Telonicus's Pendant of Mayhem
30018	Lord Sanguinar's Claim
30019	Area 52 Defender's Pants
30020	Fire-Cord of the Magus
30021	Wildfury Greatstaff
30022	Pendant of the Perilous
30023	Totem of the Maelstrom
30024	Mantle of the Elven Kings
30025	Serpentshrine Shuriken
30026	Bands of the Celestial Archer
30027	Boots of Courage Unending
30028	Seventh Ring of the Tirisfalen
30029	Bark-Gloves of Ancient Wisdom
30030	Girdle of Fallen Stars
30031	Red Havoc Boots
30032	Red Belt of Battle
30033	Boots of the Protector
30034	Belt of the Guardian
30035	Boots of the Long Road
30036	Belt of the Long Road
30037	Boots of Blasting
30038	Belt of Blasting
30039	Boots of Utter Darkness
30040	Belt of Deep Shadow
30041	Boots of Natural Grace
30042	Belt of Natural Power
30043	Hurricane Boots
30045	Boots of the Crimson Hawk
30046	Belt of the Black Eagle
30047	Blackfathom Warbands
30048	Brighthelm of Justice
30049	Fathomstone
30050	Boots of the Shifting Nightmare
30051	Idol of the Crescent Goddess
30052	Ring of Lethality
30053	Pauldrons of the Wardancer
30054	Ranger-General's Chestguard
30055	Shoulderpads of the Stranger
30056	Robe of Hateful Echoes
30057	Bracers of Eradication
30058	Mallet of the Tides
30059	Choker of Animalistic Fury
30060	Boots of Effortless Striking
30061	Ancestral Ring of Conquest
30062	Grove-Bands of Remulos
30063	Libram of Absolute Truth
30064	Cord of Screaming Terrors
30065	Glowing Breastplate of Truth
30066	Tempest-Strider Boots
30067	Velvet Boots of the Guardian
30068	Girdle of the Tidal Call
30074	Heavy Earthforged Breastplate
30075	Gnarled Chestpiece of the Ancients
30077	Windforged Rapier
30079	Illidari Shoulderpads
30080	Luminescent Rod of the Naaru
30081	Warboots of Obliteration
30082	Talon of Azshara
30083	Ring of Sundered Souls
30084	Pauldrons of the Argent Sentinel
30085	Mantle of the Tireless Tracker
30089	Lavaforged Warhammer
30090	World Breaker
30091	True-Aim Stalker Bands
30092	Orca-Hide Boots
30093	Great Earthforged Hammer
30094	Totem of Spirits
30095	Fang of the Leviathan
30096	Girdle of the Invulnerable
30097	Coral-Barbed Shoulderpads
30098	Razor-Scale Battlecloak
30099	Frayed Tether of the Drowned
30100	Soul-Strider Boots
30101	Bloodsea Brigand's Vest
30102	Krakken-Heart Breastplate
30103	Fang of Vashj
30104	Cobra-Lash Boots
30105	Serpent Spine Longbow
30106	Belt of One-Hundred Deaths
30107	Vestments of the Sea-Witch
30108	Lightfathom Scepter
30109	Ring of Endless Coils
30110	Coral Band of the Revived
30111	Runetotem's Mantle
30112	Glorious Gauntlets of Crestfall
30113	Destroyer Chestguard
30114	Destroyer Handguards
30115	Destroyer Greathelm
30116	Destroyer Legguards
30117	Destroyer Shoulderguards
30118	Destroyer Breastplate
30119	Destroyer Gauntlets
30120	Destroyer Battle-Helm
30121	Destroyer Greaves
30122	Destroyer Shoulderblades
30123	Crystalforge Chestguard
30124	Crystalforge Handguards
30125	Crystalforge Faceguard
30126	Crystalforge Legguards
30127	Crystalforge Shoulderguards
30129	Crystalforge Breastplate
30130	Crystalforge Gauntlets
30131	Crystalforge War-Helm
30132	Crystalforge Greaves
30133	Crystalforge Shoulderbraces
30134	Crystalforge Chestpiece
30135	Crystalforge Gloves
30136	Crystalforge Greathelm
30137	Crystalforge Leggings
30138	Crystalforge Pauldrons
30139	Rift Stalker Hauberk
30141	Rift Stalker Helm
30142	Rift Stalker Leggings
30143	Rift Stalker Mantle
30144	Deathmantle Chestguard
30145	Deathmantle Handguards
30146	Deathmantle Helm
30148	Deathmantle Legguards
30149	Deathmantle Shoulderpads
30150	Vestments of the Avatar
30151	Gloves of the Avatar
30152	Cowl of the Avatar
30153	Breeches of the Avatar
30154	Mantle of the Avatar
30155	Clam Bar
30156	Recipe: Clam Bar
30159	Shroud of the Avatar
30160	Handguards of the Avatar
30161	Hood of the Avatar
30162	Leggings of the Avatar
30163	Wings of the Avatar
30164	Cataclysm Chestguard
30166	Cataclysm Headguard
30167	Cataclysm Legguards
30168	Cataclysm Shoulderguards
30169	Cataclysm Chestpiece
30171	Cataclysm Headpiece
30172	Cataclysm Leggings
30173	Cataclysm Shoulderpads
30174	Dust of the Fey Drake
30175	Gor'drek's Ointment
30177	Stronglimb Deeproot's Trunk
30183	Nether Vortex
30186	Gladiator's Felweave Amice
30187	Gladiator's Felweave Cowl
30188	Gladiator's Felweave Handguards
30189	Cataclysm Gauntlets
30192	Cataclysm Legplates
30196	Robes of Tirisfal
30200	Gladiator's Felweave Raiment
30201	Gladiator's Felweave Trousers
30205	Gloves of Tirisfal
30206	Cowl of Tirisfal
30207	Leggings of Tirisfal
30210	Mantle of Tirisfal
30211	Gloves of the Corruptor
30212	Hood of the Corruptor
30213	Leggings of the Corruptor
30214	Robe of the Corruptor
30216	Nordrassil Chestguard
30217	Nordrassil Gloves
30218	Junior Technician 3rd Grade Shoulders
30219	Nordrassil Headguard
30220	Nordrassil Life-Kilt
30221	Nordrassil Life-Mantle
30222	Nordrassil Chestplate
30223	Nordrassil Handgrips
30224	Junior Technician 3rd Grade Gloves
30225	Junior Technician 3rd Grade Bracers
30226	Alley's Recurve
30227	Mark V's Throwing Star
30228	Nordrassil Headdress
30229	Nordrassil Feral-Kilt
30230	Nordrassil Feral-Mantle
30231	Nordrassil Chestpiece
30232	Nordrassil Gauntlets
30233	Nordrassil Headpiece
30234	Nordrassil Wrath-Kilt
30235	Nordrassil Wrath-Mantle
30236	Chestguard of the Vanquished Champion
30237	Chestguard of the Vanquished Defender
30238	Chestguard of the Vanquished Hero
30239	Gloves of the Vanquished Champion
30240	Gloves of the Vanquished Defender
30241	Gloves of the Vanquished Hero
30242	Helm of the Vanquished Champion
30243	Helm of the Vanquished Defender
30244	Helm of the Vanquished Hero
30245	Leggings of the Vanquished Champion
30246	Leggings of the Vanquished Defender
30247	Leggings of the Vanquished Hero
30248	Pauldrons of the Vanquished Champion
30249	Pauldrons of the Vanquished Defender
30250	Pauldrons of the Vanquished Hero
30252	Unearthed Enkaat Wand
30253	Ethereal Gloves
30254	Zephyrion's Belt
30255	Chestguard of the Stormspire
30256	Pants of the Naaru
30257	Shattrath Leggings
30258	Chestplate of A'dal
30259	Voren'thal's Presence
30260	Voren'thal's Package
30262	Trep's Shoulderguards
30263	Heavy-Duty Engineering Boots
30264	Area 52 Engineering Gloves
30265	Zaxxis Bracers
30266	Zaxxis Boots
30267	Zaxxis Gloves
30268	Heap Leggings
30269	Warp-Raider's Eyepatch
30270	Scavenged Breastplate
30271	Midrealm Hat
30272	Eco-Dome Leggings
30273	Duro Footgear
30274	Papa's Armbands
30275	Mech Tech Shoulders
30276	Wheeler Family Heirloom
30277	Ripfang Paw
30278	Pilfered Ethereal Blade
30279	Mama's Insurance
30280	Pattern: Belt of Blasting
30281	Pattern: Belt of the Long Road
30282	Pattern: Boots of Blasting
30283	Pattern: Boots of the Long Road
30284	Audi's Embroidered Boots
30285	B.O.O.M. Operative's Belt
30286	Otherworldly Pauldrons
30290	Leggings of Concentrated Power
30291	Nexus-Guard's Pauldrons
30293	Heavenly Inspiration
30294	Red Pointy Hat
30295	Exotic Spiked Shoulders
30296	Lost Chestplate of the Reverent
30297	Circlet of the Starcaller
30298	Void Slayer's Tunic
30299	Starcaller's Plated Legguards
30300	Dabiri's Enigma
30301	Pattern: Belt of Natural Power
30302	Pattern: Belt of Deep Shadow
30303	Pattern: Belt of the Black Eagle
30304	Pattern: Monsoon Belt
30305	Pattern: Boots of Natural Grace
30306	Pattern: Boots of Utter Darkness
30307	Pattern: Boots of the Crimson Hawk
30308	Pattern: Hurricane Boots
30309	Stonebreaker Brew
30311	Warp Slicer
30312	Infinity Blade
30313	Staff of Disintegration
30314	Phaseshift Bulwark
30316	Devastation
30317	Cosmic Infuser
30318	Netherstrand Longbow
30319	Nether Spike
30321	Plans: Belt of the Guardian
30322	Plans: Red Belt of Battle
30323	Plans: Boots of the Protector
30324	Plans: Red Havoc Boots
30328	Protectorate Assassin's Tunic
30329	Flesh Handler's Headpiece
30330	Starcaller's Plated Belt
30331	Diviner's Cinch
30332	Ferocious Bands
30333	Spaulders of the Protectorate
30334	Starcaller's Plated Stompers
30335	Druidic Force Boots
30336	Surger's Hand Wraps
30337	Protectorate Headplate
30338	Diviner's Cloak
30339	Protectorate Assassin's Ring
30340	Starkiller's Bauble
30341	Flesh Handler's Gauntlets
30342	Protectorate Waistband
30343	Medallion of the Horde
30344	Medallion of the Horde
30345	Medallion of the Horde
30346	Medallion of the Horde
30352	Demolisher's Bracers
30353	Bloodmaul Brutebane Keg
30354	Ultra Deconsolodation Zapper
30355	Grilled Shadowmoon Tuber
30356	Shadowmoon Tuber
30357	Oronok's Tuber of Healing
30358	Oronok's Tuber of Agility
30359	Oronok's Tuber of Strength
30361	Oronok's Tuber of Spell Power
30362	Energized Helm
30363	Warp-Shielded Hauberk
30364	Resonating Axe
30365	Overseer's Signet
30366	Manastorm Band
30368	Slippers of the High Priestess
30369	Cleansed Fel Pauldrons
30370	Gauntlets of the Redeemed Vindicator
30371	Lightwarden's Girdle
30372	Socrethar's Girdle
30373	Netherfused Pauldrons
30374	Greaves of Spellpower
30375	Gauntlets of the Vanquisher
30377	Karja's Medallion
30378	Thalodien's Charm
30379	Vindicator's Light Vest
30380	Girdle of the Lost Vindicator
30381	Kaylaan's Spaulders
30382	Aldor Ceremonial Wraps
30383	Belt of the Sage
30384	Brightdawn Bracers
30386	Bloodguard's Greaves
30394	Sunfury Blade
30395	Warp-Master's Maul
30396	Jeweled Halberd
30397	Spymaster's Crossbow
30398	Boots of the Beneficent
30399	Nightstalker's Wristguards
30400	Thadell's Bracers
30401	Farahlite Studded Boots
30402	Field Agent's Bracers
30419	Brilliant Necklace
30420	Heavy Jade Ring
30421	Red Ring of Destruction
30422	Diamond Focus Ring
30426	Coilskar Chest Key
30428	First Fragment of the Cipher of Damnation
30429	Grom'tor's Lockbox
30431	Thunderlord Clan Artifact
30432	Thunderlord Clan Drum
30433	Thunderlord Clan Arrow
30434	Thunderlord Clan Tablet
30435	The Thunderspike
30436	Jagged Blue Crystal
30437	Jagged Red Crystal
30438	Cache of the Legion Key
30442	Crystalline Key
30446	Solarian's Sapphire
30447	Tome of Fiery Redemption
30448	Talon of Al'ar
30449	Void Star Talisman
30450	Warp-Spring Coil
30451	Lohn'goron, Bow of the Torn-heart
30453	Second Fragment of the Cipher of Damnation
30454	Ar'tor's Lockbox
30457	Gilneas Sparkling Water
30458	Stromgarde Muenster
30462	Oronok's Boar Whistle
30466	Crocolisk Tooth
30467	Crocolisk Tail
30468	T'chali's Hookah
30475	Razor Thorn
30476	Hypnotic Flower
30477	Connective Tissue
30478	Stringy Ectoplasm
30479	Wicked Strong Fetish
30480	Fiery Warhorse's Reins
30481	Fiery Soul Fragment
30483	Pattern: Shadowcloth
30486	Merciless Gladiator's Plate Chestpiece
30487	Merciless Gladiator's Plate Gauntlets
30488	Merciless Gladiator's Plate Helm
30489	Merciless Gladiator's Plate Legguards
30490	Merciless Gladiator's Plate Shoulders
30500	Rotten Arakkoa Egg
30501	Bundle of Bloodthistle
30510	Imbued Leaf
30513	Bloody Spider Fang
30514	Nether Guards
30515	Junior Technician 3rd Grade Goggles
30516	Chief Engineer's Belt
30517	Netherfarer's Leggings
30518	Warpthread Vest
30519	Boots of the Nexus Warden
30520	Gold-Trimmed Cuffs
30521	Warpweaver's Gloves
30522	Conjurer's Staff
30523	Hotshot Cattle Prod
30531	Breeches of the Occultist
30532	Kirin Tor Master's Trousers
30533	Vanquisher's Legplates
30534	Wyrmscale Greaves
30535	Forestwalker Kilt
30536	Greaves of the Martyr
30538	Midnight Legguards
30541	Stormsong Kilt
30542	Dimensional Ripper - Area 52
30543	Pontifex Kilt
30546	Sovereign Tanzanite
30547	Luminous Fire Opal
30548	Polished Chrysoprase
30549	Shifting Tanzanite
30550	Sundered Chrysoprase
30551	Infused Fire Opal
30552	Blessed Tanzanite
30553	Pristine Fire Opal
30554	Stalwart Fire Opal
30555	Glowing Tanzanite
30556	Glinting Fire Opal
30558	Glimmering Fire Opal
30559	Etched Fire Opal
30560	Rune Covered Chrysoprase
30561	Vekh'nir Crystal
30563	Regal Tanzanite
30564	Shining Fire Opal
30565	Assassin's Fire Opal
30566	Defender's Tanzanite
30567	Charged Vekh'nir Crystal
30568	The Sharp Cookie
30569	Proximo's Rudius
30570	Arkadian Claymore
30571	Don Rodrigo's Heart
30572	Imperial Tanzanite
30573	Mysterious Fire Opal
30574	Brutal Tanzanite
30575	Nimble Fire Opal
30579	Illidari-Bane Shard
30581	Durable Fire Opal
30582	Deadly Fire Opal
30583	Timeless Chrysoprase
30584	Enscribed Fire Opal
30585	Glistening Fire Opal
30586	Seer's Chrysoprase
30587	Champion's Fire Opal
30588	Potent Fire Opal
30589	Dazzling Chrysoprase
30590	Enduring Chrysoprase
30591	Empowered Fire Opal
30592	Steady Chrysoprase
30593	Iridescent Fire Opal
30594	Effulgent Chrysoprase
30596	Baa'ri Tablet Fragment
30600	Fluorescent Tanzanite
30601	Beaming Fire Opal
30602	Jagged Chrysoprase
30603	Royal Tanzanite
30604	Resplendent Fire Opal
30605	Vivid Chrysoprase
30606	Lambent Chrysoprase
30607	Splendid Fire Opal
30608	Radiant Chrysoprase
30609	Swift Nether Drake
30610	Smoked Black Bear Meat
30611	Halaani Razorshaft
30612	Halaani Grimshot
30614	Fel Bomb
30615	Halaani Whiskey
30616	Bundle of Bloodthistle
30617	Stormrage Missive
30619	Fel Reaver's Piston
30620	Spyglass of the Hidden Fleet
30621	Prism of Inner Calm
30623	Reservoir Key
30626	Sextant of Unstable Currents
30627	Tsunami Talisman
30628	Fel Reaver Power Core
30629	Scarab of Displacement
30631	Fel Reaver Armor Plate
30632	Lament of the Highborne
30633	Auchenai Key
30634	Warpforged Key
30635	Key of Time
30637	Flamewrought Key
30638	Box o' Tricks
30639	Blood Elf Disguise
30640	Eclipsion Armor
30641	Boots of Elusion
30642	Drape of the Righteous
30643	Belt of the Tracker
30644	Grips of Deftness
30645	Third Fragment of the Cipher of Damnation
30646	Borak's Lockbox
30649	Orders From Akama
30650	Dertrok's Wand Case
30651	Dertrok's First Wand
30652	Dertrok's Second Wand
30653	Dertrok's Third Wand
30654	Dertrok's Fourth Wand
30655	Infused Vekh'nir Crystal
30657	The Cipher of Damnation
30659	Kagrosh's Pack
30663	Fathom-Brooch of the Tidewalker
30664	Living Root of the Wildheart
30665	Earring of Soulful Meditation
30666	Ritssyn's Lost Pendant
30667	Ring of Unrelenting Storms
30668	Grasp of the Dead
30672	Elemental Displacer
30673	Inferno Waist Cord
30674	Zierhut's Lost Treads
30675	Lurker's Cord
30676	Lurker's Grasp
30677	Lurker's Belt
30678	Lurker's Girdle
30679	Sunfury Glaive
30680	Glider's Foot-Wraps of the Physician
30681	Glider's Boots
30682	Glider's Sabatons
30683	Glider's Greaves
30684	Ravager's Cuffs
30685	Ravager's Wrist-Wraps
30686	Ravager's Bands
30687	Ravager's Bracers
30688	Deathforge Key
30689	Razuun's Orders
30691	Haalum's Medallion Fragment
30692	Eykenen's Medallion Fragment
30693	Lakaan's Medallion Fragment
30694	Uylaru's Medallion Fragment
30695	Legion Teleporter Control
30703	Conjured Mountain Spring Water
30704	Ruuan'ok Claw
30705	Spaulders of Slaughter
30706	Harbinger's Pendant
30707	Nimble-foot Treads
30708	Belt of Flowing Thought
30709	Pantaloons of Flaming Wrath
30710	Blood Guard's Necklace of Ferocity
30716	Ever-burning Ash
30719	Spectrecles
30720	Serpent-Coil Braid
30721	Spectrecles
30722	Ethereum Nexus-Reaver
30723	Talon of the Tempest
30724	Barrel-Blade Longrifle
30725	Anger-Spark Gloves
30726	Archaic Charm of Presence
30727	Gilded Trousers of Benediction
30728	Fathom-Helm of the Deeps
30729	Black-Iron Battlecloak
30730	Terrorweave Tunic
30731	Faceguard of the Endless Watch
30732	Exodar Life-Staff
30733	Hope Ender
30734	Leggings of the Seventh Circle
30735	Ancient Spellcloak of the Highborne
30736	Ring of Flowing Light
30737	Gold-Leaf Wildboots
30738	Ring of Reciprocity
30739	Scaled Greaves of the Marksman
30740	Ripfiend Shoulderplates
30741	Topaz-Studded Battlegrips
30744	Draenic Leather Pack
30745	Heavy Toolbox
30746	Mining Sack
30747	Gem Pouch
30748	Enchanter's Satchel
30749	Draenic Sparring Blade
30750	Draenic Warblade
30751	Mag'hari Light Axe
30752	Mag'hari Battleaxe
30753	Warphorn Spear
30754	Ancient Bone Mace
30755	Mag'hari Fighting Claw
30757	Draenic Light Crossbow
30758	Aldor Guardian Rifle
30759	Mag'hari Light Recurve
30761	Infernoweave Leggings
30762	Infernoweave Robe
30763	Infernoweave Boots
30764	Infernoweave Gloves
30765	Heavy Draenic Breastplate
30766	Inferno Tempered Leggings
30767	Inferno Tempered Gauntlets
30768	Inferno Tempered Boots
30769	Inferno Tempered Chestguard
30770	Inferno Forged Boots
30772	Inferno Forged Leggings
30773	Inferno Forged Hauberk
30774	Inferno Forged Gloves
30775	Layered Bone Shield
30776	Inferno Hardened Chestguard
30778	Inferno Hardened Leggings
30779	Inferno Hardened Boots
30780	Inferno Hardened Gloves
30781	Mag'hari Chain Vest
30784	Worn Mag'hari Gauntlets
30785	Morgroron's Glaive
30786	Makazradon's Glaive
30787	Illidari-Bane Mageblade
30788	Illidari-Bane Broadsword
30789	Illidari-Bane Claymore
30791	Silkwing Cocoon
30792	Iridescent Wing
30797	Gorefiend's Armor
30799	Gorefiend's Cloak
30800	Gorefiend's Truncheon
30804	Bronze Band of Force
30807	Uvuros's Fiery Mane
30808	Book of Fel Names
30811	Scroll of Demonic Unbanishing
30812	Iridescent Scale
30813	Envenomed Fang
30814	Enormous Molar
30815	Giant Scale
30816	Spice Bread
30817	Simple Flour
30819	Felfire Spleen
30821	Envenomed Scorpid Stinger
30822	Box of Ingots
30823	Demon Warding Totem
30824	Overcharged Manacell
30826	Design: Ring of Arcane Shielding
30827	Lexicon Demonica
30828	Vial of Underworld Loam
30829	Tear of the Earthmother
30830	Trident of the Outcast Tribe
30832	Gavel of Unearthed Secrets
30833	Pattern: Cloak of Arcane Evasion
30834	Shapeshifter's Signet
30835	Salvager's Hauberk
30836	Leggings of the Skettis Exile
30841	Lower City Prayerbook
30842	Pattern: Flameheart Bracers
30843	Pattern: Flameheart Gloves
30844	Pattern: Flameheart Vest
30846	Glyph of the Outcast
30847	X-52 Rocket Helmet
30850	Freshly Drawn Blood
30851	Felspine's Hide
30853	Imbued Silver Spear
30854	Book of Fel Names
30859	Wand of the Seer
30860	Kaylaan's Signet
30861	Furious Shackles
30863	Deadly Cuffs
30864	Bracers of the Pathfinder
30865	Tracker's Blade
30868	Rejuvenating Bracers
30869	Howling Wind Bracers
30870	Cuffs of Devastation
30871	Bracers of Martyrdom
30873	Stillwater Boots
30874	The Unbreakable Will
30879	Don Alejandro's Money Belt
30881	Blade of Infamy
30882	Bastion of Light
30883	Pillar of Ferocity
30884	Hatefury Mantle
30887	Golden Links of Restoration
30888	Anetheron's Noose
30889	Kaz'rogal's Hardened Heart
30890	Collection of Souls
30891	Black Featherlight Boots
30892	Beast-tamer's Shoulders
30893	Sun-touched Chain Leggings
30894	Blue Suede Shoes
30897	Girdle of Hope
30898	Shady Dealer's Pantaloons
30900	Bow-stitched Leggings
30901	Boundless Agony
30902	Cataclysm's Edge
30904	Savior's Grasp
30905	Midnight Chestguard
30908	Apostle of Argus
30909	Antonidas's Aegis of Rapt Concentration
30910	Tempest of Chaos
30911	Scepter of Purification
30913	Robes of Rhonin
30915	Belt of Seething Fury
30916	Leggings of Channeled Elements
30917	Razorfury Mantle
30922	Ata'mal Crown
30923	Grom'tor's Bloodied Bandage
30924	Gloves of the High Magus
30925	Spaulders of the Torn-heart
30926	Ashwalker's Footwraps
30928	Sketh'lon Survivor's Tunic
30929	Soothsayer's Kilt
30930	Grips of the Void
30931	Ghostly Headwrap
30932	Akama's Sash
30933	Hauberk of Karabor
30936	Eva's Strap
30938	Azurestrike Shoulders
30939	Felboar Hide Shoes
30940	Aged Leather Bindings
30941	Ash Tempered Legguards
30942	Manimal's Cinch
30943	Verdant Gloves
30944	Umberhowl's Collar
30945	Grom'tor's Friend's Cousin's Tunic
30946	Mooncrest Headdress
30947	Crimson Mail Hauberk
30948	Sunfury Legguards
30950	Darkhunter's Cinch
30951	Ar'tor's Mainstay
30953	Boots of the Skybreaker
30955	Crown of Cinders
30956	Oronok's Old Bracers
30957	Oronok's Old Leggings
30958	Blackened Chain Greaves
30959	Torn-heart Family Tunic
30960	Runed Sketh'lon Legplates
30961	Ash-Covered Helm
30962	Borak's Belt of Bravery
30964	Skybreaker's Pauldrons
30966	Singed Vambraces
30967	The Hands of Fate
30971	Torn-heart Cloak
30972	Onslaught Battle-Helm
30973	Band of Anguish
30974	Onslaught Greathelm
30975	Onslaught Breastplate
30976	Onslaught Chestguard
30979	Onslaught Shoulderblades
30981	Grom'tor's Pendant of Conquest
30982	Lightbringer Gauntlets
30984	Spellbreaker's Buckler
30985	Lightbringer Handguards
30986	Bloodforged Guard
30987	Lightbringer Faceguard
30989	Lightbringer War-Helm
30990	Lightbringer Breastplate
30991	Lightbringer Chestguard
30992	Lightbringer Chestpiece
30996	Lightbringer Pauldrons
30997	Lightbringer Shoulderbraces
30998	Lightbringer Shoulderguards
30999	Ashtongue Blade
31000	Bloodwarder's Rifle
31002	Summoner's Blade
31004	Gronnstalker's Chestguard
31006	Gronnstalker's Spaulders
31009	Wildcaller
31010	Slayer's Axe
31013	Ceremonial Kris
31022	Skyshatter Shoulderpads
31025	Idol of the Avenger
31026	Slayer's Handguards
31027	Slayer's Helm
31028	Slayer's Chestguard
31029	Slayer's Legguards
31030	Slayer's Shoulderpads
31031	Stormfury Totem
31032	Thunderheart Gloves
31033	Libram of Righteous Power
31034	Thunderheart Gauntlets
31035	Thunderheart Handguards
31036	Oronok's Ancient Scepter
31037	Thunderheart Helmet
31038	Staff of the Redeemer
31039	Thunderheart Cover
31040	Thunderheart Headguard
31041	Thunderheart Tunic
31042	Thunderheart Chestguard
31043	Thunderheart Vest
31044	Thunderheart Leggings
31045	Thunderheart Legguards
31047	Thunderheart Spaulders
31048	Thunderheart Pauldrons
31049	Thunderheart Shoulderpads
31050	Gloves of the Malefic
31052	Robe of the Malefic
31054	Mantle of the Malefic
31056	Cowl of the Tempest
31057	Robes of the Tempest
31059	Mantle of the Tempest
31060	Gloves of Absolution
31062	Torn-heart Axe of Battle
31063	Cowl of Absolution
31065	Shroud of Absolution
31066	Vestments of Absolution
31069	Mantle of Absolution
31071	Grom'tor's Charge
31072	Lohn'goron, Bow of the Torn-heart
31073	Borak's Reminder
31074	Amulet of the Torn-heart
31075	Evoker's Mark of the Redemption
31076	Spellsword's Mark of the Redemption
31077	Slayer's Mark of the Redemption
31078	Protector's Mark of the Redemption
31079	Mercurial Adamantite
31080	Mercurial Stone
31084	Key to the Arcatraz
31085	Top Shard of the Arcatraz Key
31086	Bottom Shard of the Arcatraz Key
31088	Tainted Core
31089	Chestguard of the Forgotten Conqueror
31090	Chestguard of the Forgotten Vanquisher
31091	Chestguard of the Forgotten Protector
31092	Gloves of the Forgotten Conqueror
31093	Gloves of the Forgotten Vanquisher
31094	Gloves of the Forgotten Protector
31095	Helm of the Forgotten Protector
31096	Helm of the Forgotten Vanquisher
31097	Helm of the Forgotten Conqueror
31098	Leggings of the Forgotten Conqueror
31099	Leggings of the Forgotten Vanquisher
31100	Leggings of the Forgotten Protector
31101	Pauldrons of the Forgotten Conqueror
31102	Pauldrons of the Forgotten Vanquisher
31103	Pauldrons of the Forgotten Protector
31104	Evoker's Helmet of Second Sight
31105	Overlord's Helmet of Second Sight
31106	Stalker's Helmet of Second Sight
31107	Shamanistic Helmet of Second Sight
31108	Kor'kron Flare Gun
31109	Stealther's Helmet of Second Sight
31110	Druidic Helmet of Second Sight
31111	Uvuros Hide Gloves
31112	Uvuros Hide Boots
31113	Violet Badge
31114	Uvuros Hide Cinch
31115	Uvuros Plated Spaulders
31116	Infused Amethyst
31117	Soothing Amethyst
31118	Pulsing Amethyst
31119	Wyrmcult Net
31120	Meeting Note
31121	Costume Scraps
31122	Overseer Disguise
31125	Boots of the Decimator
31126	Gloves of Ferocity
31127	Hauberk of Totemic Rage
31128	Rexxar's Whistle
31129	Blackwhelp Net
31130	Wyrmcult Blackwhelp
31131	Sash of Silent Blades
31132	Crust Burster Venom Gland
31133	Leggings of Concentrated Darkness
31134	Blade of Misfortune
31135	Baron Sablemane's Poison
31136	Breastplate of Blade Turning
31137	Gauntlets of Purification
31138	Storm Lord's Girdle
31139	Fist of Reckoning
31140	Cloak of Entropy
31141	Kodohide Drum
31142	Blade of Trapped Knowledge
31143	Shroud of Frenzy
31144	Spirit's Whistle
31145	Headdress of the Sleeper
31146	Rexxar's Battle Horn
31147	Pendant of Cunning
31148	Demon Hide Spaulders
31149	Gloves of Pandemonium
31150	Gloves of Piety
31151	Girdle of Siege
31152	Chestguard of Illumination
31153	Axe of the Legion
31154	Bronze Torc
31158	Drakeweave Raiment of Arcane Protection
31161	Felstone Spaulders of Frost Protection
31162	Felstone Mantle of the Prophet
31163	Nethersteel Handguards of the Eagle
31164	Nethersteel Gauntlets of the Invoker
31165	Nethersteel-Reinforced Gloves of Fire Protection
31166	Nethersteel-Lined Handwraps of the Invoker
31169	Sketh'lon War Totem
31172	Demon-Cured Tunic of Agility
31173	Boots of Savagery
31175	Blade Dancer's Wristguards
31178	Amulet of Unstable Power
31179	Rockwurm Hide Gloves of Healing
31180	Gauntlets of the Skullsplitter
31184	Legion Headguard of Shadow Protection
31186	Braxxis' Staff of Slumber
31187	Boots of the Pathfinder
31190	The Dreamer's Shoulderpads
31191	Crocolisk Hide Bracers of Power
31193	Blade of Unquenched Thirst
31194	Gronn-Blessed Warbeads of Arcane Protection
31196	Amulet of Sanctification
31198	Voidhide Cord of Shadow Protection
31200	Shield of the Wayward Footman
31201	Illidari Cloak of Strength
31202	Girdle of Divine Blessing
31203	Arcane Loop of Power
31204	The Gunblade
31211	Chimaerahide Pants of Fire Protection
31213	Abyssal Plate Sabatons of Shadow Protection
31215	Abyssal Leather Treads of the Monkey
31219	Emerald Beholder Eye of the Bandit
31220	Amethyst Beholder Eye of the Invoker
31222	Headdress of Inner Rage
31226	Leggings of the Sly
31229	Feathered Waistband of the Gorilla
31230	Abyss Walker's Boots
31234	Crystalblade of the Draenei
31237	Elekk Hide Leggings
31238	Dragonbone Ring of Spirit
31241	Primed Key Mold
31244	Nagahide Pants of the Wolf
31245	Primed Key Mold
31249	Bog Spaulders of the Eagle
31250	Bog Mantle of Fire Protection
31251	Unfired Key Mold
31252	Charred Key Mold
31254	Striderhide Cloak of the Tiger
31255	Cloak of the Craft
31258	Band of Sorrow
31260	Sketh'lon Commander's Journal - Page 1
31261	Sketh'lon Commander's Journal - Page 2
31271	Illidan's Command
31272	Crown of Endless Knowledge
31275	Necklace of Trophies
31276	Boots of Zealotry
31277	Pathfinder's Band
31278	Illidari Tabard
31279	Enchanted Illidari Tabard
31280	Thundercaller's Gauntlets
31281	Mask of Veiled Death
31282	Shroud of Spiritual Purity
31283	Sash of Sealed Fate
31284	Bracers of Recklessness
31285	Chestguard of the Talon
31286	Breastplate of Rapid Striking
31287	Draenei Honor Guard Shield
31288	The Master's Treads
31289	Staff of Divine Infusion
31290	Band of Dominion
31291	Crystalforged War Axe
31292	Crystal Pulse Shield
31293	Girdle of Gale Force
31294	Pauldrons of Surging Mana
31295	Chestguard of the Dark Stalker
31297	Robe of the Crimson Order
31298	Legguards of the Shattered Hand
31299	The Oathkeeper
31300	Ironroot Seeds
31303	Valanos' Longbow
31304	The Essence Focuser
31305	Ced's Carver
31306	Leggings of the Sacred Crest
31307	Heart of Fury
31308	The Bringer of Death
31312	Sinister Area 52 Boots
31313	Nether-Rocket Gloves
31314	Rocket-Chief Pauldrons
31315	Goblin Girdle
31316	Lianthe's Key
31317	Rod of Lianthe
31318	Singing Crystal Axe
31319	Band of Impenetrable Defenses
31320	Chestguard of Exile
31321	Choker of Repentance
31322	The Hammer of Destiny
31323	Don Santos' Famous Hunting Rifle
31326	Truestrike Ring
31328	Leggings of Beast Mastery
31329	Lifegiving Cloak
31330	Lightning Crown
31331	The Night Blade
31332	Blinkstrike
31333	The Night Watchman
31334	Staff of Natural Fury
31335	Pants of Living Growth
31336	Blade of Wizardry
31337	Orb of the Blackwhelp
31338	Charlotte's Ivy
31339	Lola's Eve
31340	Will of Edward the Odd
31341	Wyrmcultist's Cloak
31342	The Ancient Scepter of Sue-Min
31343	Kamaei's Cerulean Skirt
31345	The Journal of Val'zareq
31349	Grulloc's Sack
31350	Huffer's Whistle
31351	Dragonfire Trap
31354	Recipe: Flask of the Titans
31355	Recipe: Flask of Supreme Power
31356	Recipe: Flask of Distilled Wisdom
31357	Recipe: Flask of Chromatic Resistance
31358	Design: Dawnstone Crab
31359	Design: Enduring Deep Peridot
31360	Unfinished Headpiece
31361	Pattern: Cobrahide Leg Armor
31362	Pattern: Nethercobra Leg Armor
31364	Wildguard Breastplate
31365	Energized Headpiece
31366	Felsworn Gas Mask
31367	Wildguard Leggings
31368	Wildguard Helm
31369	Iceguard Breastplate
31370	Iceguard Leggings
31371	Iceguard Helm
31372	Rocknail Flayer Carcass
31373	Rocknail Flayer Giblets
31375	Gladiator's Kodohide Gloves
31376	Gladiator's Kodohide Helm
31377	Gladiator's Kodohide Legguards
31378	Gladiator's Kodohide Spaulders
31379	Gladiator's Kodohide Tunic
31380	Acrobat's Mark of the Sha'tar
31381	Aggressor's Mark of the Sha'tar
31382	Mage's Mark of the Sha'tar
31383	Spiritualist's Mark of the Sha'tar
31384	Damaged Mask
31386	Staff of Parshah
31387	Mystery Mask
31390	Plans: Wildguard Breastplate
31391	Plans: Wildguard Leggings
31392	Plans: Wildguard Helm
31393	Plans: Iceguard Breastplate
31394	Plans: Iceguard Leggings
31395	Plans: Iceguard Helm
31396	Gladiator's Ringmail Armor
31398	The Frozen Eye
31399	The Natural Ward
31401	Design: The Frozen Eye
31402	Design: The Natural Ward
31404	Green Trophy Tabard of the Illidari
31405	Purple Trophy Tabard of the Illidari
31408	Offering of the Sha'tar
31409	Gladiator's Mooncloth Gloves
31410	Gladiator's Mooncloth Hood
31411	Gladiator's Mooncloth Leggings
31413	Gladiator's Mooncloth Robe
31414	Wild Wood Staff
31415	Iron Oak Shield
31416	Scorch Wood Bow
31417	Staff of the Ashtongue Deathsworn
31437	Medicinal Drake Essence
31460	Sha'tari Vindicator's Waistguard
31461	A'dal's Gift
31462	Shattrath's Champion Belt
31464	Naaru Belt of Precision
31465	Sha'tari Anchorite's Cloak
31470	Witch Doctor's Beads
31471	T'chali's Kilt
31472	Hexxer's Belt
31473	Ogre Defiler's Handguards
31474	Wand of the Ancestors
31475	Thunderlord Scalpel
31476	Slow Death Dirk
31477	Red Hands of the Thunderlord
31478	Tor'chunk's Foot Covers
31479	Rugged Mountain Bracers
31480	Ogre Beater's Belt
31481	Thunderlord Armbands
31482	Dire Wolf Handler Gloves
31483	Gor'drek's Pauldrons
31484	Wolf Chaps
31485	Dark Deed Leggings
31486	Bear-Strength Harness
31487	Wild Horned Helm
31488	Boots of the Ancient-Killer
31489	Orb of the Grishna
31490	Netherwing Protector's Shield
31491	Netherwing Defender's Shield
31492	Claw of the Netherwing Flight
31493	Netherwing Spiritualist's Charm
31494	Netherwing Sorceror's Charm
31495	Grishnath Orb
31501	Tome of Conjure Food VIII
31504	Nethervine Crystal
31508	Coven Britches
31509	Wyrmcultist's Hood
31510	Hewing Gloves
31511	Chest of the Wyrmcult
31512	Tree Warden's Belt
31513	Blackwhelp Belt
31514	Dragonkin Shirt
31515	Whelpscale Gauntlets
31516	Bracers of the Weald
31517	Dire Pinfeather
31518	Exorcism Feather
31519	Inkling's Leggings
31520	Blackwing Helm
31521	Expedition Defender's Shoulders
31523	Treebole's Hoop
31526	Raven's Wood Exorciser's Band
31527	Leafbeard Ring
31528	Ring of the Stonebark
31531	Wraithcloth Bindings
31532	Supple Leather Boots
31533	Diluvian Spaulders
31534	Whiteknuckle Gauntlets
31535	Bloodboil Poison
31536	Camp Anger Key
31537	Darktread Boots
31538	Twin Moon Shoulderguards
31539	Chaintwine Cinch
31540	Fairweather's Wristguards
31541	Whistling Sword
31542	Fanged Axe
31543	Adjudicator's Staff
31544	Clefthoof Hide Leggings
31545	Oilcloth Breeches
31546	Tourmaline Crown
31547	Malefactor's Eyepatch
31548	Blackened Chestplate
31549	Leonine Breastplate
31553	Windchanneller's Mantle of the Sorcerer
31554	Windchanneller's Tunic
31562	Skystalker's Tunic
31569	Mistshroud Shoulders of the Bandit
31570	Mistshroud Tunic
31573	Mistshroud Boots of the Soldier
31577	Slatesteel Shoulders of the Beast
31578	Slatesteel Breastplate of the Physician
31581	Slatesteel Boots of the Champion
31584	High Warlord's Kodohide Gloves
31585	High Warlord's Kodohide Helm
31586	High Warlord's Kodohide Legguards
31587	High Warlord's Kodohide Spaulders
31588	High Warlord's Kodohide Tunic
31594	General's Kodohide Belt
31595	General's Kodohide Boots
31598	General's Kodohide Bracers
31613	Gladiator's Ornamented Chestguard
31614	Gladiator's Ornamented Gloves
31616	Gladiator's Ornamented Headcover
31618	Gladiator's Ornamented Legplates
31619	Gladiator's Ornamented Spaulders
31636	High Warlord's Ornamented Gloves
31652	Enchanted Nethervine Crystal
31653	Condensed Nether Gas
31656	Lesser Nether Drake Spirit
31663	Spirit Calling Totems
31664	Zuluhed's Key
31668	Orb Collecting Totem
31670	Raptor Ribs
31671	Serpent Flesh
31672	Mok'Nathal Shortribs
31673	Crunchy Serpent
31674	Recipe: Crunchy Serpent
31675	Recipe: Mok'Nathal Shortribs
31677	Fel Mana Potion
31678	Mental Interference Rod
31679	Fel Strength Elixir
31680	Recipe: Fel Strength Elixir
31681	Recipe: Fel Regeneration Potion
31682	Recipe: Fel Mana Potion
31683	Dreadwing Skin Belt
31684	Netherhide Gloves
31685	Brood Mother Leggings
31686	Nether Protector's Chest
31687	Mok'Nathal Mantle
31688	Spiritcaller's Mask
31689	Mok'Nathal Hero's Pantaloons
31690	Belt of the Soul Saver
31691	Natasha's Guardian Cord
31692	Natasha's Ember Necklace
31693	Natasha's Arcane Filament
31694	Natasha's Pack Collar
31695	Natasha's Choker
31696	Natasha's Battle Chain
31698	Letter from Shattrath
31699	Imbued Draenethyst Crystal
31700	Runed Silver Staff
31701	Saboteur's Axe
31703	Nether-Stalker's Blade
31704	The Tempest Key
31711	Nether-Empowered Footgear
31712	Mok'Nathal Champion's Shoulderguards
31713	Ritualist's Helm
31714	Nether Drake Wristguards
31716	Unused Axe of the Executioner
31721	Kalithresh's Trident
31722	Murmur's Essence
31735	Timeless Shell
31736	Crystal of Deep Shadows
31737	Timeless Arrow
31740	Meeting Note
31742	Nether-wraith Beacon
31744	Botanist's Field Guide
31745	Illidari-Bane Dagger
31746	Phoenix-fire Band
31747	Potent Sha'tari Pendant
31748	Shattrath Choker of Power
31749	A'dal's Recovery Necklace
31750	Earthen Signet
31751	Blazing Signet
31752	Sablemane's Trap
31753	Essence of Infinity
31754	Grisly Totem
31755	Wyvern Cage Key
31757	Fel Cannonball
31763	Druid Signal
31773	Mag'har Tabard
31775	Sporeggar Tabard
31776	Consortium Tabard
31777	Keepers of Time Tabard
31778	Lower City Tabard
31779	Aldor Tabard
31780	Scryers Tabard
31781	Sha'tar Tabard
31790	Expedition Pendant
31791	Wildlord's Band
31792	Evergrove Ranger's Cloak
31793	Ruuan Weald Wristguards
31800	Outcast's Cache
31804	Cenarion Expedition Tabard
31807	Naturalized Ammunition
31809	Evergrove Wand
31813	Warp Chaser Blood
31815	Zeppit's Crystal
31829	Reins of the Cobalt Riding Talbuk
31831	Reins of the Silver Riding Talbuk
31833	Reins of the Tan Riding Talbuk
31835	Reins of the White Riding Talbuk
31837	Codex: Prayer of Shadow Protection II
31853	Major Combat Healing Potion
31855	Major Combat Mana Potion
31856	Darkmoon Card: Crusade
31857	Darkmoon Card: Wrath
31858	Darkmoon Card: Vengeance
31859	Darkmoon Card: Madness
31860	Great Golden Draenite
31861	Great Dawnstone
31863	Balanced Nightseye
31865	Infused Nightseye
31866	Veiled Flame Spessarite
31867	Veiled Noble Topaz
31868	Wicked Noble Topaz
31870	Design: Great Golden Draenite
31871	Design: Balanced Shadow Draenite
31872	Design: Infused Shadow Draenite
31873	Design: Veiled Flame Spessarite
31874	Design: Wicked Flame Spessarite
31875	Design: Great Dawnstone
31876	Design: Balanced Nightseye
31877	Design: Infused Nightseye
31878	Design: Veiled Noble Topaz
31879	Design: Wicked Noble Topaz
31880	Blood Elf Orphan Whistle
31882	Ace of Blessings
31884	Five of Blessings
31885	Four of Blessings
31887	Six of Blessings
31888	Three of Blessings
31889	Two of Blessings
31890	Blessings Deck
31891	Storms Deck
31904	Four of Furies
31907	Furies Deck
31908	Three of Furies
31909	Two of Furies
31910	Ace of Lunacy
31911	Eight of Lunacy
31914	Lunacy Deck
31919	Nexus-Prince's Ring of Balance
31920	Shaffar's Band of Brutality
31921	Yor's Collapsing Band
31922	Ring of Conflict Survival
31923	Band of the Crystalline Void
31924	Yor's Revenge
31926	Frigid Band of Healing
31928	Dark Band of Strength
31935	Frigid Cloak of Healing
31937	Living Cloak of Healing
31940	Ethereum Torque of the Knight
31941	Mark of the Nexus-King
31944	Demonic Capacitor
31945	Shadow Circuit
31946	Ashtongue Cowl
31949	Warden's Arrow
31952	Khorium Lockbox
31956	Salvaged Ethereum Prison Key
31957	Ethereum Prisoner I.D. Tag
31958	Merciless Gladiator's Bonecracker
31959	Merciless Gladiator's Bonegrinder
31963	Merciless Gladiator's Chain Leggings
31964	Merciless Gladiator's Chain Spaulders
31965	Merciless Gladiator's Cleaver
31966	Merciless Gladiator's Decapitator
31967	Merciless Gladiator's Dragonhide Gloves
31968	Merciless Gladiator's Dragonhide Helm
31969	Merciless Gladiator's Dragonhide Legguards
31971	Merciless Gladiator's Dragonhide Spaulders
31972	Merciless Gladiator's Dragonhide Tunic
31973	Merciless Gladiator's Dreadweave Gloves
31978	Merciless Gladiator's Endgame
31981	Merciless Gladiator's Felweave Handguards
31984	Merciless Gladiator's Greatsword
31985	Merciless Gladiator's Hacker
31986	Merciless Gladiator's Crossbow of the Phoenix
31987	Merciless Gladiator's Kodohide Gloves
31988	Merciless Gladiator's Kodohide Helm
31989	Merciless Gladiator's Kodohide Legguards
31990	Merciless Gladiator's Kodohide Spaulders
31991	Merciless Gladiator's Kodohide Tunic
31992	Merciless Gladiator's Lamellar Chestpiece
31993	Merciless Gladiator's Lamellar Gauntlets
31994	Ethereum Key Tablet - Alpha
31995	Merciless Gladiator's Lamellar Legguards
31996	Merciless Gladiator's Lamellar Shoulders
31997	Merciless Gladiator's Lamellar Helm
31998	Merciless Gladiator's Leather Gloves
31999	Merciless Gladiator's Leather Helm
32000	Merciless Gladiator's Leather Legguards
32001	Merciless Gladiator's Leather Spaulders
32002	Merciless Gladiator's Leather Tunic
32003	Merciless Gladiator's Left Ripper
32014	Merciless Gladiator's Maul
32020	Merciless Gladiator's Ornamented Chestguard
32021	Merciless Gladiator's Ornamented Gloves
32022	Merciless Gladiator's Ornamented Headcover
32023	Merciless Gladiator's Ornamented Legplates
32024	Merciless Gladiator's Ornamented Spaulders
32025	Merciless Gladiator's Painsaw
32026	Merciless Gladiator's Pummeler
32027	Merciless Gladiator's Quickblade
32028	Merciless Gladiator's Right Ripper
32030	Merciless Gladiator's Ringmail Gauntlets
32035	Merciless Gladiator's Satin Hood
32039	Merciless Gladiator's Scaled Chestpiece
32041	Merciless Gladiator's Scaled Helm
32042	Merciless Gladiator's Scaled Legguards
32043	Merciless Gladiator's Scaled Shoulders
32044	Merciless Gladiator's Shanker
32045	Merciless Gladiator's Shield Wall
32046	Merciless Gladiator's Shiv
32047	Merciless Gladiator's Silk Amice
32048	Merciless Gladiator's Silk Cowl
32049	Merciless Gladiator's Silk Handguards
32050	Merciless Gladiator's Silk Raiment
32051	Merciless Gladiator's Silk Trousers
32052	Merciless Gladiator's Slicer
32053	Merciless Gladiator's Spellblade
32054	Merciless Gladiator's War Edge
32055	Merciless Gladiator's War Staff
32056	Merciless Gladiator's Wyrmhide Gloves
32057	Merciless Gladiator's Wyrmhide Helm
32058	Merciless Gladiator's Wyrmhide Legguards
32059	Merciless Gladiator's Wyrmhide Spaulders
32060	Merciless Gladiator's Wyrmhide Tunic
32061	Evidence from Alpha
32062	Elixir of Major Fortitude
32063	Earthen Elixir
32064	Protectorate Treasure Cache
32067	Elixir of Draenic Wisdom
32068	Elixir of Ironskin
32069	Mana-Tombs Stasis Chamber Key
32070	Recipe: Earthen Elixir
32071	Recipe: Elixir of Ironskin
32072	Gauntlets of Dissension
32073	Spaulders of Dementia
32076	Handguards of the Steady
32077	Wrath Infused Gauntlets
32078	Pauldrons of Wild Magic
32080	Mantle of Shadowy Embrace
32081	Eye of the Stalker
32082	The Fel Barrier
32083	Faceguard of Determination
32084	Helmet of the Steadfast Champion
32085	Warpstalker Helm
32086	Storm Master's Helmet
32087	Mask of the Deceiver
32088	Cowl of Beastly Rage
32089	Mana-Binders Cowl
32090	Cowl of Naaru Blessings
32092	The Eye of Haramad
32194	Delicate Crimson Spinel
32195	Teardrop Crimson Spinel
32196	Runed Crimson Spinel
32197	Bright Crimson Spinel
32200	Solid Empyrean Sapphire
32202	Lustrous Empyrean Sapphire
32204	Brilliant Lionseye
32205	Smooth Lionseye
32206	Rigid Lionseye
32207	Gleaming Lionseye
32208	Thick Lionseye
32210	Great Lionseye
32212	Shifting Shadowsong Amethyst
32213	Balanced Shadowsong Amethyst
32214	Infused Shadowsong Amethyst
32215	Glowing Shadowsong Amethyst
32216	Royal Shadowsong Amethyst
32218	Potent Pyrestone
32219	Luminous Pyrestone
32220	Glinting Pyrestone
32221	Veiled Pyrestone
32222	Wicked Pyrestone
32223	Enduring Seaspray Emerald
32224	Radiant Seaspray Emerald
32225	Dazzling Seaspray Emerald
32226	Jagged Seaspray Emerald
32227	Crimson Spinel
32228	Empyrean Sapphire
32229	Lionseye
32230	Shadowsong Amethyst
32231	Pyrestone
32232	Eternium Shell Bracers
32233	Wolpertinger's Tankard
32234	Fists of Mukoa
32235	Cursed Vision of Sargeras
32236	Rising Tide
32237	The Maelstrom's Fury
32238	Ring of Calming Waves
32239	Slippers of the Seacaller
32240	Guise of the Tidal Lurker
32241	Helm of Soothing Currents
32242	Boots of Oceanic Fury
32243	Pearl Inlaid Boots
32245	Tide-stomper's Greaves
32247	Ring of Captured Storms
32248	Halberd of Desolation
32249	Seaspray Emerald
32250	Pauldrons of Abyssal Fury
32251	Wraps of Precise Flight
32252	Nether Shadow Tunic
32253	Legionkiller
32254	The Brutalizer
32255	Felstone Bulwark
32256	Waistwrap of Infinity
32257	Idol of the White Stag
32258	Naturalist's Preserving Cinch
32260	Choker of Endless Nightmares
32261	Band of the Abyssal Lord
32262	Syphon of the Nathrezim
32263	Praetorian's Legguards
32264	Shoulders of the Hidden Predator
32265	Shadow-walker's Cord
32266	Ring of Deceitful Intent
32267	Boots of the Resilient
32268	Myrmidon's Treads
32269	Messenger of Fate
32271	Kilt of Immortal Nature
32274	Design: Bold Crimson Spinel
32277	Design: Delicate Crimson Spinel
32278	Grips of Silent Justice
32280	Gauntlets of Enforcement
32281	Design: Teardrop Crimson Spinel
32282	Design: Runed Crimson Spinel
32283	Design: Bright Crimson Spinel
32284	Design: Subtle Crimson Spinel
32286	Design: Solid Empyrean Sapphire
32287	Design: Sparkling Empyrean Sapphire
32290	Design: Brilliant Lionseye
32291	Design: Smooth Lionseye
32292	Design: Rigid Lionseye
32293	Design: Gleaming Lionseye
32294	Design: Thick Lionseye
32295	Design: Mystic Lionseye
32296	Design: Great Lionseye
32298	Design: Shifting Shadowsong Amethyst
32300	Design: Infused Shadowsong Amethyst
32304	Design: Potent Pyrestone
32305	Design: Luminous Pyrestone
32306	Design: Glinting Pyrestone
32308	Design: Wicked Pyrestone
32309	Design: Enduring Seaspray Emerald
32310	Design: Radiant Seaspray Emerald
32311	Design: Dazzling Seaspray Emerald
32312	Design: Jagged Seaspray Emerald
32314	Green Riding Nether Ray
32316	Purple Riding Nether Ray
32317	Red Riding Nether Ray
32318	Silver Riding Nether Ray
32319	Blue Riding Nether Ray
32323	Shadowmoon Destroyer's Drape
32324	Insidious Bands
32325	Rifle of the Stoic Guardian
32326	Twisted Blades of Zarak
32327	Robe of the Shadow Council
32328	Botanist's Gloves of Growth
32330	Totem of Ancestral Guidance
32331	Cloak of the Illidari Council
32332	Torch of the Damned
32333	Girdle of Stability
32334	Vest of Mounting Assault
32335	Unstoppable Aggressor's Ring
32336	Black Bow of the Betrayer
32337	Shroud of Forgiveness
32339	Belt of Primal Majesty
32340	Garments of Temperance
32341	Leggings of Divine Retribution
32342	Girdle of Mighty Resolve
32343	Wand of Prismatic Focus
32344	Staff of Immaculate Recovery
32345	Dreadboots of the Legion
32346	Boneweave Girdle
32347	Grips of Damnation
32348	Soul Cleaver
32349	Translucent Spellthread Necklace
32350	Touch of Inspiration
32351	Elunite Empowered Bracers
32353	Gloves of Unfailing Faith
32358	Vim'gol's Vile Grimoire
32361	Blind-Seers Icon
32362	Pendant of Titans
32363	Naaru-Blessed Life Rod
32365	Heartshatter Breastplate
32366	Shadowmaster's Boots
32367	Leggings of Devastation
32368	Tome of the Lightbringer
32369	Blade of Savagery
32370	Nadina's Pendant of Purity
32373	Helm of the Illidari Shatterer
32374	Zhar'doom, Greatstaff of the Devourer
32375	Bulwark of Azzinoth
32376	Forest Prowler's Helm
32377	Mantle of Darkness
32379	Grulloc's Dragon Skull
32380	Maggoc's Treasure Chest
32381	Schematic: Fused Wiring
32382	Slaag's Standard
32385	Magtheridon's Head
32386	Magtheridon's Head
32388	Shadow Dust
32392	Soulguard Bracers
32395	Redeemed Soul Wristguards
32396	Redeemed Soul Legguards
32400	Greaves of Shackled Souls
32403	Shadesteel Bracers
32405	Verdant Sphere
32406	Skyguard Blasting Charges
32409	Relentless Earthstorm Diamond
32410	Thundering Skyfire Diamond
32411	Design: Thundering Skyfire Diamond
32420	Night's End
32428	Heart of Darkness
32429	Pattern: Boots of Shackled Souls
32430	Pattern: Bracers of Shackled Souls
32434	Pattern: Redeemed Soul Wristguards
32435	Pattern: Redeemed Soul Legguards
32436	Pattern: Redeemed Soul Cinch
32440	Pattern: Soulguard Girdle
32441	Plans: Shadesteel Sabots
32442	Plans: Shadesteel Bracers
32443	Plans: Shadesteel Greaves
32444	Plans: Shadesteel Girdle
32446	Elixir of Shadows
32461	Furious Gizmatic Goggles
32471	Shard of Azzinoth
32472	Justicebringer 2000 Specs
32473	Tankatronic Goggles
32475	Living Replicator Specs
32478	Deathblow X11 Goggles
32480	Magnified Moon Specs
32483	The Skull of Gul'dan
32486	Ashtongue Talisman of Equilibrium
32487	Ashtongue Talisman of Swiftness
32488	Ashtongue Talisman of Insight
32489	Ashtongue Talisman of Zeal
32490	Ashtongue Talisman of Acumen
32491	Ashtongue Talisman of Vision
32492	Ashtongue Talisman of Lethality
32493	Ashtongue Talisman of Shadows
32494	Destruction Holo-gogs
32496	Memento of Tyrande
32497	Stormrage Signet Ring
32500	Crystal Spire of Karabor
32501	Shadowmoon Insignia
32505	Madness of the Betrayer
32508	Necklace of the Deep
32510	Softstep Boots of Tracking
32512	Girdle of Lordaeron's Fallen
32513	Wristbands of Divine Influence
32515	Wristguards of Determination
32516	Wraps of Purification
32518	Veil of Turning Leaves
32519	Belt of Divine Guidance
32521	Faceplate of the Impenetrable
32522	Demonic Bulwark of the Beast
32524	Shroud of the Highborne
32525	Cowl of the Illidari High Lord
32526	Band of Devastation
32527	Ring of Ancient Knowledge
32528	Blessed Band of Karabor
32532	Windrager's Coils
32535	Gift of the Talonpriests
32536	Terokk's Gavel of the Champion
32538	Skywitch's Drape
32539	Skyguard's Drape
32540	Terokk's Might
32541	Terokk's Wisdom
32569	Apexis Shard
32572	Apexis Crystal
32576	Depleted Crystal Focus
32580	Swiftstrike Bracers
32582	Bracers of Renewed Life
32586	Bracers of Nimble Thought
32589	Hellfire-Encased Pendant
32590	Nethervoid Cloak
32591	Choker of Serrated Blades
32592	Chestguard of Relentless Storms
32593	Treads of the Den Mother
32606	Girdle of the Lightbearer
32608	Pillager's Gauntlets
32609	Boots of the Divine Light
32616	Egbert's Egg
32617	Sleepy Willy
32645	Crystalline Crossbow
32646	Medallion of Karabor
32647	Shard-bound Bracers
32648	Vortex Walking Boots
32649	Medallion of Karabor
32650	Cerulean Crystal Rod
32651	Crystal Orb of Enlightenment
32652	Ogri'la Aegis
32653	Apexis Cloak
32654	Crystalforged Trinket
32656	Crystalhide Handwraps
32658	Badge of Tenacity
32660	Crystalforged Sword
32661	Apexis Crystal Mace
32667	Bash Ale
32672	Depleted Badge
32673	Depleted Dagger
32695	Captain's Badge
32720	Time-Lost Offering
32721	Skyguard Rations
32722	Enriched Terocone Juice
32736	Plans: Swiftsteel Bracers
32737	Plans: Swiftsteel Shoulders
32738	Plans: Dawnsteel Bracers
32739	Plans: Dawnsteel Shoulders
32744	Pattern: Bracers of Renewed Life
32745	Pattern: Shoulderpads of Renewed Life
32746	Pattern: Swiftstrike Bracers
32747	Pattern: Swiftstrike Shoulders
32748	Pattern: Bindings of Lightning Reflexes
32749	Pattern: Shoulders of Lightning Reflexes
32750	Pattern: Living Earth Bindings
32751	Pattern: Living Earth Shoulders
32752	Pattern: Swiftheal Wraps
32753	Pattern: Swiftheal Mantle
32754	Pattern: Bracers of Nimble Thought
32755	Pattern: Mantle of Nimble Thought
32756	Gyro-Balanced Khorium Destroyer
32757	Blessed Medallion of Karabor
32768	Reins of the Raven Lord
32769	Belt of the Raven Lord
32770	Skyguard Silver Cross
32771	Airman's Ribbon of Gallantry
32772	Brilliant Pearl Band
32774	The Black Pearl
32776	Crown of the Sea Witch
32778	Boots of Righteous Fortitude
32779	Band of Frigid Elements
32780	The Boomstick
32781	Talon of Anzu
32782	Time-Lost Figurine
32783	Blue Ogre Brew
32784	Red Ogre Brew
32785	Veteran's Chain Sabatons
32786	Veteran's Dragonhide Boots
32787	Veteran's Dreadweave Stalkers
32788	Veteran's Kodohide Boots
32789	Veteran's Lamellar Greaves
32790	Veteran's Leather Boots
32793	Veteran's Plate Greaves
32794	Veteran's Scaled Greaves
32795	Veteran's Silk Footguards
32796	Veteran's Wyrmhide Boots
32797	Veteran's Chain Girdle
32798	Veteran's Dragonhide Belt
32799	Veteran's Dreadweave Belt
32800	Veteran's Kodohide Belt
32801	Veteran's Lamellar Belt
32802	Veteran's Leather Belt
32804	Veteran's Mail Girdle
32805	Veteran's Plate Belt
32806	Veteran's Scaled Belt
32807	Veteran's Silk Belt
32808	Veteran's Wyrmhide Belt
32809	Veteran's Chain Bracers
32810	Veteran's Dragonhide Bracers
32811	Veteran's Dreadweave Cuffs
32812	Veteran's Kodohide Bracers
32813	Veteran's Lamellar Bracers
32814	Veteran's Leather Bracers
32816	Veteran's Linked Bracers
32817	Veteran's Mail Bracers
32818	Veteran's Plate Bracers
32819	Veteran's Scaled Bracers
32820	Veteran's Silk Cuffs
32821	Veteran's Wyrmhide Bracers
32828	Ogri'la Tabard
32833	Purified Jaggal Pearl
32834	Nether Ray Cage
32836	Purified Shadow Pearl
32837	Warglaive of Azzinoth
32838	Warglaive of Azzinoth
32845	Major Shadow Protection Potion
32848	Explosives Package
32852	Cauldron of Major Shadow Protection
32854	Hammer of Righteous Might
32858	Reins of the Azure Netherwing Drake
32859	Reins of the Cobalt Netherwing Drake
32860	Reins of the Purple Netherwing Drake
32864	Commander's Badge
32865	Drake Tamer's Gloves
32869	Illidari Lord's Tunic
32871	Horns of the Illidari
32882	Hellfire Shot
32883	Felbane Slugs
32897	Mark of the Illidari
32902	Bottled Nethergon Energy
32903	Cenarion Mana Salve
32904	Cenarion Healing Salve
32905	Bottled Nethergon Vapor
32909	Blue Ogre Brew Special
32910	Red Ogre Brew Special
32943	Swiftsteel Bludgeon
32944	Talon of the Phoenix
32945	Fist of Molten Fury
32947	Auchenai Healing Potion
32948	Auchenai Mana Potion
32973	General's Mooncloth Cuffs
32974	General's Mooncloth Belt
32975	General's Mooncloth Slippers
32979	Veteran's Mooncloth Belt
32980	Veteran's Mooncloth Cuffs
32981	Veteran's Mooncloth Slippers
32982	General's Ornamented Belt
32984	General's Ornamented Greaves
32988	Veteran's Ornamented Belt
32989	Veteran's Ornamented Bracers
32990	Veteran's Ornamented Greaves
32991	General's Ringmail Bracers
32992	General's Ringmail Girdle
32993	General's Ringmail Sabatons
32997	Veteran's Ringmail Bracers
32998	Veteran's Ringmail Girdle
32999	Veteran's Ringmail Sabatons
33042	Black Coffee
33052	Fisherman's Feast
33053	Hot Buttered Trout
33054	The Seal of Danzalar
33055	Band of Vile Aggression
33056	Veteran's Band of Dominance
33057	Veteran's Band of Triumph
33058	Band of the Vigilant
33064	Veteran's Band of Salvation
33065	Veteran's Pendant of Dominance
33066	Veteran's Pendant of Triumph
33067	Veteran's Pendant of Conquest
33068	Veteran's Pendant of Salvation
33076	Merciless Gladiator's Idol of Tenacity
33077	Merciless Gladiator's Libram of Justice
33091	Energized Totem
33092	Healing Potion Injector
33122	Cloak of Darkness
33124	Pattern: Cloak of Darkness
33131	Crimson Sun
33133	Don Julio's Heart
33134	Kailee's Rose
33135	Falling Star
33140	Blood of Amber
33143	Stone of Blades
33144	Facet of Eternity
33148	Formula: Enchant Cloak - Dodge
33149	Formula: Enchant Cloak - Stealth
33151	Formula: Enchant Cloak - Subtlety
33152	Formula: Enchant Gloves - Superior Agility
33153	Formula: Enchant Gloves - Threat
33155	Design: Kailee's Rose
33156	Design: Crimson Sun
33157	Design: Falling Star
33158	Design: Stone of Blades
33159	Design: Blood of Amber
33160	Design: Facet of Eternity
33165	Formula: Enchant Weapon - Greater Agility
33173	Ragesteel Shoulders
33174	Plans: Ragesteel Shoulders
33186	Plans: Adamantite Weapon Chain
33192	Carved Witch Doctor's Stick
33204	Shadowprowler's Chestguard
33205	Pattern: Shadowprowler's Chestguard
33208	Flask of Chromatic Wonder
33209	Recipe: Flask of Chromatic Wonder
33211	Bladeangel's Money Belt
33236	Fizzy Faire Drink "Classic"
33291	Voodoo-woven Belt
33296	Brooch of Deftness
33304	Cloak of Subjugated Power
33305	Design: Don Julio's Heart
33307	Formula: Enchant Weapon - Executioner
33309	Merciless Gladiator's Redoubt
33313	Merciless Gladiator's Barrier
33325	Voodoo Shaker
33333	Kharmaa's Shroud of Hope
33334	Fetish of the Primal Gods
33421	Battleworn Tuskguard
33484	Dory's Embrace
33496	Signet of Primal Wrath
33502	Libram of Mending
33503	Libram of Divine Judgement
33504	Libram of Divine Purpose
33505	Totem of Living Water
33506	Skycall Totem
33507	Stonebreaker's Totem
33508	Idol of Budding Life
33509	Idol of Terror
33510	Idol of the Unseen Moon
33579	Vestments of Hibernation
33580	Band of the Swift Paw
33583	Waistguard of the Great Beast
33584	Pantaloons of Arcane Annihilation
33585	Achromic Trousers of the Naaru
33586	Studious Wraps
33587	Light-Blessed Bonds
33588	Runed Spell-cuffs
33589	Wristguards of Tranquil Thought
33622	Design: Relentless Earthstorm Diamond
33663	Vengeful Gladiator's Bonegrinder
33670	Vengeful Gladiator's Decapitator
33672	Vengeful Gladiator's Dragonhide Helm
33688	Vengeful Gladiator's Greatsword
33695	Vengeful Gladiator's Lamellar Chestpiece
33697	Vengeful Gladiator's Lamellar Helm
33700	Vengeful Gladiator's Leather Gloves
33701	Vengeful Gladiator's Leather Helm
33702	Vengeful Gladiator's Leather Legguards
33703	Vengeful Gladiator's Leather Spaulders
33704	Vengeful Gladiator's Leather Tunic
33716	Vengeful Gladiator's Staff
33727	Vengeful Gladiator's Painsaw
33730	Vengeful Gladiator's Plate Helm
33733	Vengeful Gladiator's Pummeler
33737	Vengeful Gladiator's Right Ripper
33751	Vengeful Gladiator's Scaled Helm
33754	Vengeful Gladiator's Shanker
33762	Vengeful Gladiator's Slicer
33782	Steady Talasite
33783	Design: Steady Talasite
33801	Vengeful Gladiator's Mutilator
33808	The Horseman's Helm
33809	Amani War Bear
33810	Amani Mask of Death
33811	Vindicator's Plate Belt
33814	Keli'dan's Feathered Stave
33815	Bladefist's Seal
33818	Muckbreath's Bucket
33820	Weather-Beaten Fishing Hat
33821	The Heart of Quagmirran
33823	Bloodfin Catfish
33824	Crescent-Tail Skullfish
33825	Skullfish Soup
33826	Black Stalker Egg
33827	The Warlord's Treatise
33829	Hex Shrunken Head
33832	Battlemaster's Determination
33833	Nazan's Riding Crop
33834	The Headfeathers of Ikiss
33835	Shaffar's Wondrous Amulet
33836	The Exarch's Soul Gem
33838	Giant Kaliri Wing
33840	Murmur's Whisper
33844	Barrel of Fish
33847	Epoch Hunter's Head
33848	Demon Broiled Surprise
33850	Spiritual Soup
33851	Cooking Pot
33852	Cooking Pot
33853	Vindicator's Band of Dominance
33856	List of Goods
33857	Crate of Meat
33858	Aeonus's Hourglass
33859	Warp Splinter Clipping
33860	Pathaleon's Projector
33861	The Scroll of Skyriss
33866	Stormchops
33867	Broiled Bloodfin
33869	Recipe: Broiled Bloodfin
33872	Spicy Hot Talbuk
33873	Recipe: Spicy Hot Talbuk
33874	Kibler's Bits
33875	Recipe: Kibler's Bits
33879	Vindicator's Dragonhide Belt
33880	Vindicator's Dragonhide Boots
33881	Vindicator's Dragonhide Bracers
33885	Vindicator's Kodohide Belt
33886	Vindicator's Kodohide Boots
33887	Vindicator's Kodohide Bracers
33888	Vindicator's Lamellar Belt
33890	Vindicator's Lamellar Greaves
33891	Vindicator's Leather Belt
33892	Vindicator's Leather Boots
33893	Vindicator's Leather Bracers
33915	Vindicator's Wyrmhide Belt
33918	Vindicator's Band of Salvation
33919	Vindicator's Band of Triumph
33920	Vindicator's Pendant of Conquest
33921	Vindicator's Pendant of Dominance
33922	Vindicator's Pendant of Salvation
33923	Vindicator's Pendant of Triumph
33925	Recipe: Delicious Chocolate Cake
33930	Amani Charm of the Bloodletter
33931	Amani Charm of Mighty Mojo
33932	Amani Charm of the Witch Doctor
33934	Crystal Healing Potion
33935	Crystal Mana Potion
33936	Gladiator's Libram of Fortitude
33937	Merciless Gladiator's Libram of Fortitude
33939	Gladiator's Totem of Indomitability
33940	Merciless Gladiator's Totem of Indomitability
33942	Gladiator's Idol of Steadfastness
33943	Merciless Gladiator's Idol of Steadfastness
33945	Gladiator's Idol of Resolve
33946	Merciless Gladiator's Idol of Resolve
33948	Gladiator's Libram of Vengeance
33949	Merciless Gladiator's Libram of Vengeance
33951	Gladiator's Totem of Survival
33954	Plans: Hammer of Righteous Might
33976	Brewfest Ram
33977	Swift Brewfest Ram
33993	Mojo
33999	Cenarion War Hippogryph
34009	Hammer of Judgement
34010	Pepe's Shroud of Pacification
34011	Illidari Runeshield
34012	Shroud of the Final Stand
34049	Battlemaster's Audacity
34050	Battlemaster's Perseverance
34061	Turbo-Charged Flying Machine Control
34062	Conjured Manna Biscuit
34086	Winter Boots
34092	Merciless Nether Drake
34105	Quiver of a Thousand Feathers
34106	Netherscale Ammo Pouch
34109	Weather-Beaten Journal
34113	Field Repair Bot 110G
34114	Schematic: Field Repair Bot 110G
34129	Swift Warstrider
34157	Head of Kael'thas
34162	Battlemaster's Depravity
34163	Battlemaster's Cruelty
34164	Dragonscale-Encrusted Longblade
34165	Fang of Kalecgos
34170	Pantaloons of Calming Strife
34172	Pattern: Drums of Speed
34173	Pattern: Drums of Speed
34174	Pattern: Drums of Restoration
34175	Pattern: Drums of Restoration
34183	Shivering Felspine
34189	Band of Ruinous Delight
34196	Golden Bow of Quel'Thalas
34197	Shiv of Exsanguination
34198	Stanchion of Primal Instinct
34199	Archon's Gavel
34200	Pattern: Quiver of a Thousand Feathers
34201	Pattern: Netherscale Ammo Pouch
34203	Grip of Mannoroth
34204	Amulet of Unfettered Magics
34206	Book of Highborne Hymns
34207	Glove Reinforcements
34211	Harness of Carnal Instinct
34214	Muramasa
34218	Pattern: Netherscale Ammo Pouch
34220	Chaotic Skyfire Diamond
34227	Deadman's Hand
34228	Vicious Hawkstrider Hauberk
34229	Garments of Serene Shores
34234	Shadowed Gauntlets of Paroxysm
34242	Tattered Cape of Antonidas
34243	Helm of Burning Righteousness
34244	Duplicitous Guise
34245	Cover of Ursol the Wise
34247	Apolyon, the Soul-Render
34249	Hula Girl Doll
34262	Pattern: Winter Boots
34329	Crux of the Apocalypse
34330	Heavy Knothide Armor Kit
34332	Cowl of Gul'dan
34333	Coif of Alleria
34334	Thori'dal, the Stars' Fury
34335	Hammer of Sanctification
34339	Cowl of Light's Purity
34340	Dark Conjuror's Collar
34341	Borderland Paingrips
34342	Handguards of the Dawn
34343	Thalassian Ranger Gauntlets
34344	Handguards of Defiled Worlds
34345	Crown of Anasterian
34354	Mayhem Projection Goggles
34357	Hard Khorium Goggles
34358	Hard Khorium Choker
34369	Carapace of Sun and Shadow
34371	Leather Chestguard of the Sun
34372	Leather Gauntlets of the Sun
34373	Embrace of the Phoenix
34390	Erupting Epaulets
34400	Crown of Dath'Remar
34401	Helm of Uther's Resolve
34405	Helm of Arcane Purity
34409	Gauntlets of the Ancient Frostwolf
34423	Strength of the High Chief
34424	Power of the High Chief
34427	Blackened Naaru Sliver
34428	Steely Naaru Sliver
34429	Shifting Naaru Sliver
34430	Glimmering Naaru Sliver
34435	Cuffs of Absolution
34440	Mad Alchemist's Potion
34444	Thunderheart Wristguards
34447	Bracers of the Tempest
34448	Slayer's Bracers
34470	Timbal's Focusing Crystal
34471	Vial of the Sunwell
34472	Shard of Contempt
34473	Commendation of Kael'thas
34478	Tiny Sporebat
34481	Recipe: Mad Alchemist's Potion
34482	Leatherworker's Satchel
34486	Old Crafty
34490	Bag of Many Hides
34491	Pattern: Bag of Many Hides
34527	Belt of Absolution
34535	Azure Whelpling
34537	Bloodberry Elixir
34549	Gronnstalker's Belt
34558	Slayer's Belt
34575	Slayer's Boots
34576	Battlemaster's Cruelty
34577	Battlemaster's Depravity
34578	Battlemaster's Determination
34579	Battlemaster's Audacity
34580	Battlemaster's Perseverance
34581	Mysterious Arrow
34582	Mysterious Shell
34599	Juggling Torch
34601	Shoulderplates of Everlasting Pain
34602	Eversong Cuffs
34603	Distracting Blades
34604	Jaded Crystal Dagger
34605	Breastplate of Fierce Survival
34606	Edge of Oppression
34607	Fel-tinged Mantle
34608	Rod of the Blazing Light
34609	Quickening Blade of the Prince
34610	Scarlet Sin'dorei Robes
34611	Cudgel of Consecration
34612	Greaves of the Penitent Knight
34613	Shoulderpads of the Silvermoon Retainer
34614	Tunic of the Ranger Lord
34615	Netherforce Chestplate
34616	Breeching Comet
34622	Spinesever
34625	Kharmaa's Ring of Fate
34664	Sunmote
34683	Sandals of Summer
34684	Handful of Summer Petals
34685	Vestment of Summer
34686	Brazier of Dancing Flames
34689	Design: Chaotic Skyfire Diamond
34697	Bindings of Raging Fire
34698	Bracers of the Forest Stalker
34699	Sun-forged Cleaver
34700	Gauntlets of Divine Blessings
34701	Leggings of the Betrayed
34702	Cloak of Swift Mending
34703	Latro's Dancing Blade
34704	Band of Arcane Alacrity
34705	Bracers of Divine Infusion
34706	Band of Determination
34707	Boots of Resuscitation
34708	Cloak of the Coming Night
34783	Nightstrike
34788	Duskhallow Mantle
34789	Bracers of Slaughter
34790	Battle-mace of the High Priestess
34791	Gauntlets of the Tranquil Waves
34792	Cloak of the Betrayed
34793	Cord of Reconstruction
34794	Axe of Shattered Dreams
34795	Helm of Sanctification
34796	Robes of Summer Flame
34797	Sun-infused Focus Staff
34798	Band of Celerity
34799	Hauberk of the War Bringer
34807	Sunstrider Warboots
34808	Gloves of Arcane Acuity
34809	Sunrage Treads
34810	Cloak of Blade Turning
34827	Noble's Monocle
34831	Eye of the Sea
34832	Captain Rumsey's Lager
34833	Unlit Torches
34837	The 2 Ring
34845	Pit Lord's Satchel
34846	Black Sack of Gems
34848	Bracers of the Forgotten Conqueror
34851	Bracers of the Forgotten Protector
34852	Bracers of the Forgotten Vanquisher
34861	Sharpened Fish Hook
34862	Practice Torches
34872	Formula: Void Shatter
34887	Angelista's Revenge
34888	Ring of the Stalwart Protector
34889	Fused Nethergon Band
34890	Anveena's Touch
34891	The Blade of Harbingers
34892	Crossbow of Relentless Strikes
34894	Blade of Serration
34895	Scryer's Blade of Focus
34896	Gavel of Naaru Blessings
34898	Staff of the Forest Lord
34900	Shroud of Nature's Harmony
34901	Grovewalker's Leggings
34902	Oakleaf-Spun Handguards
34904	Barbed Gloves of the Sage
34906	Embrace of Everlasting Prowess
34907	Shattered Gem Fragments
34910	Tameless Breeches
34911	Handwraps of the Aggressor
34921	Ecclesiastical Cuirass
34923	Waistguard of Reparation
34924	Gown of Spiritual Wonder
34925	Adorned Supernal Legwraps
34926	Slippers of Dutiful Mending
34927	Tunic of the Dark Hour
34928	Trousers of the Scryers' Retainer
34929	Belt of the Silent Path
34939	Chestplate of Stoicism
34941	Girdle of the Fearless
34946	Inscribed Legplates of the Aldor
34947	Blue's Greaves of the Righteous Guardian
34949	Swift Blade of Uncertainty
34952	The Mutilator
34953	Earthen Ring Magma Totem
34955	Scorched Stone
34988	Brutal Gladiator's Bonecracker
34989	Brutal Gladiator's Bonegrinder
34997	Brutal Gladiator's Decapitator
35015	Brutal Gladiator's Greatsword
35033	Brutal Gladiator's Leather Helm
35036	Brutal Gladiator's Leather Tunic
35064	Brutal Gladiator's Painsaw
35068	Brutal Gladiator's Plate Helm
35071	Brutal Gladiator's Pummeler
35102	Brutal Gladiator's Spellblade
35212	Pattern: Leather Gauntlets of the Sun
35216	Pattern: Leather Chestguard of the Sun
35237	Orb of the Crawler
35246	Design: Delicate Crimson Spinel
35247	Design: Flashing Crimson Spinel
35248	Design: Runed Crimson Spinel
35253	Design: Jagged Seaspray Emerald
35262	Design: Lustrous Empyrean Sapphire
35266	Design: Glinting Pyrestone
35275	Orb of the Sin'dorei
35277	Twilight Correspondence
35279	Tabard of Summer Skies
35280	Tabard of Summer Flames
35283	Sin'dorei Band of Salvation
35284	Sin'dorei Band of Triumph
35292	Sin'dorei Pendant of Triumph
35294	Recipe: Elixir of Empowerment
35302	Pattern: Cobrascale Gloves
35304	Design: Solid Star of Elune
35305	Design: Runed Living Ruby
35306	Design: Bright Living Ruby
35311	Schematic: Mana Potion Injector
35316	Reckless Noble Topaz
35317	Vindicator's Pendant of Reprieve
35318	Forceful Talasite
35319	Vindicator's Pendant of Subjugation
35320	Vindicator's Band of Subjugation
35321	Cloak of Arcane Alacrity
35322	Design: Quick Dawnstone
35323	Design: Reckless Noble Topaz
35324	Cloak of Swift Reprieve
35325	Design: Forceful Talasite
35326	Battlemaster's Alacrity
35327	Battlemaster's Alacrity
35328	Dreadweave Gloves
35329	Dreadweave Hood
35330	Dreadweave Leggings
35331	Dreadweave Mantle
35332	Dreadweave Robe
35333	Mooncloth Cowl
35334	Mooncloth Legguards
35335	Mooncloth Mitts
35336	Mooncloth Shoulderpads
35337	Mooncloth Vestments
35338	Satin Gloves
35339	Satin Hood
35340	Satin Leggings
35341	Satin Mantle
35342	Satin Robe
35343	Evoker's Silk Amice
35344	Evoker's Silk Cowl
35345	Evoker's Silk Handguards
35346	Evoker's Silk Raiment
35347	Evoker's Silk Trousers
35356	Dragonhide Gloves
35357	Dragonhide Helm
35358	Dragonhide Legguards
35359	Dragonhide Spaulders
35360	Dragonhide Robe
35361	Kodohide Gloves
35362	Kodohide Helm
35363	Kodohide Legguards
35364	Kodohide Spaulders
35365	Kodohide Robe
35366	Opportunist's Leather Gloves
35367	Opportunist's Leather Helm
35368	Opportunist's Leather Legguards
35369	Opportunist's Leather Spaulders
35370	Opportunist's Leather Tunic
35371	Wyrmhide Gloves
35372	Wyrmhide Helm
35373	Wyrmhide Legguards
35374	Wyrmhide Spaulders
35375	Wyrmhide Robe
35376	Stalker's Chain Armor
35377	Stalker's Chain Gauntlets
35378	Stalker's Chain Helm
35379	Stalker's Chain Leggings
35380	Stalker's Chain Spaulders
35381	Seer's Linked Armor
35382	Seer's Linked Gauntlets
35383	Seer's Linked Helm
35384	Seer's Linked Leggings
35385	Seer's Linked Spaulders
35386	Seer's Mail Armor
35387	Seer's Mail Gauntlets
35388	Seer's Mail Helm
35389	Seer's Mail Leggings
35390	Seer's Mail Spaulders
35391	Seer's Ringmail Chestguard
35392	Seer's Ringmail Gloves
35393	Seer's Ringmail Headpiece
35394	Seer's Ringmail Legguards
35395	Seer's Ringmail Shoulderpads
35402	Crusader's Ornamented Chestplate
35403	Crusader's Ornamented Gloves
35404	Crusader's Ornamented Headguard
35405	Crusader's Ornamented Leggings
35406	Crusader's Ornamented Spaulders
35407	Savage Plate Chestpiece
35408	Savage Plate Gauntlets
35409	Savage Plate Helm
35410	Savage Plate Legguards
35411	Savage Plate Shoulders
35412	Crusader's Scaled Chestpiece
35413	Crusader's Scaled Gauntlets
35414	Crusader's Scaled Helm
35415	Crusader's Scaled Legguards
35416	Crusader's Scaled Shoulders
35494	Shroud of Winter's Chill
35495	The Frost Lord's War Cloak
35496	Icebound Cloak
35497	Cloak of the Frigid Winds
35498	Formula: Enchant Weapon - Deathfrost
35501	Eternal Earthstorm Diamond
35502	Design: Eternal Earthstorm Diamond
35503	Ember Skyfire Diamond
35504	Phoenix Hatchling
35505	Design: Ember Skyfire Diamond
35507	Amulet of Bitter Hatred
35508	Choker of the Arctic Flow
35509	Amulet of Glacial Tranquility
35511	Hailstone Pendant
35512	Pocket Full of Snow
35513	Swift White Hawkstrider
35514	Frostscythe of Lord Ahune
35519	Pattern: Bracers of Renewed Life
35527	Pattern: Swiftstrike Bracers
35528	Pattern: Swiftstrike Shoulders
35535	Design: Hard Khorium Choker
35539	Pattern: Carapace of Sun and Shadow
35540	Pattern: Embrace of the Phoenix
35542	Pattern: Gloves of Immortal Dusk
35549	Pattern: Sun-Drenched Scale Chestguard
35557	Huge Snowball
35562	Bear Flank
35563	Charred Bear Kabobs
35564	Recipe: Charred Bear Kabobs
35565	Juicy Bear Burger
35566	Recipe: Juicy Bear Burger
35581	Rocket Boots Xtreme Lite
35582	Schematic: Rocket Boots Xtreme Lite
35707	Regal Nightseye
35708	Design: Regal Nightseye
35720	Lord of Frost's Private Label
35723	Shards of Ahune
35725	Summer Incense
35756	Formula: Enchant Cloak - Steelweave
35762	Design: Reckless Pyrestone
35765	Design: Forceful Seaspray Emerald
35828	Totemic Beacon
35945	Brilliant Glass
37127	Brightbrew Charm
37128	Balebrew Charm
37597	Direbrew's Shanker
37676	Vengeful Nether Drake
37739	Brutal Gladiator's Blade of Alacrity
37750	Fresh Brewfest Hops
37865	Medallion of the Horde
37915	Pattern: Dress Shoes
37934	Noble's Elementium Signet
38082	"Gigantique" Bag
38089	Ruby Shades
38090	Sapphire Pinky Ring
38091	Gold Eternium Band
38175	The Horseman's Blade
38225	Mycah's Botanical Bag
38229	Pattern: Mycah's Botanical Bag
38276	Haliscan Brimmed Hat
38277	Haliscan Jacket
38278	Haliscan Pantaloons
38287	Empty Mug of Direbrew
38288	Direbrew Hops
38289	Coren's Lucky Coin
38290	Dark Iron Smoking Pipe
38327	Pattern: Haliscan Jacket
38328	Pattern: Haliscan Pantaloons
38329	Don Carlos' Hat
38427	Pickled Egg
38428	Rock-Salted Pretzel
38429	Blackrock Spring Water
38430	Blackrock Mineral Water
38431	Blackrock Fortified Water
38466	Sulfuron Slammer
38506	Don Carlos' Famous Hat
38576	Big Battle Bear
38628	Nether Ray Fry
39477	Fresh Dwarven Brewfest Hops
43516	Brutal Nether Drake
185686	Flamewrought Key
185690	Reservoir Key
185691	Auchenai Key
185692	Warpforged Key
185693	Key of Time
185848	Greater Drums of Battle
185849	Greater Drums of Panic
185922	Pattern: Greater Drums of War
185925	Pattern: Greater Drums of Panic
185926	Pattern: Greater Drums of Battle
185976	Communal Faceguard
185977	Communal Pauldrons
185981	Communal Band of Onslaught
185982	Communal Band of Dexterity
185983	Communal Band of Wisdom
185984	Communal Band of Durability
185985	Communal Stone of Onslaught
185986	Communal Stone of Durability
185987	Communal Stone of Wisdom
185988	Communal Stone of Stoicism
185998	Communal Chestguard
185999	Communal Plate Vambraces
186001	Communal Plate Gauntlets
186002	Communal Plate Girdle
186015	Communal Plate Leggings
186016	Communal Plate Greaves
186019	Communal Mantle
186021	Communal Sash
186022	Communal Pants
186023	Communal Boots
186026	Communal Crown
186028	Communal Tunic
186029	Communal Belt
186030	Communal Legguards
186031	Communal Boots
186033	Communal Gloves
186036	Communal Armor
186037	Communal Belt
186038	Communal Leggings
186039	Communal Boots
186041	Communal Gauntlets
186044	Communal Cloak
186046	Communal Cloak
186047	Communal Cape
186049	Communal Rose
186050	Communal Wand
186052	Communal Idol of Wrath
186053	Communal Idol of the Wild
186054	Communal Idol of Life
186055	Communal Stave
186056	Communal Bow
186058	Communal Sword
186061	Communal Blade
186062	Communal Smasher
186063	Communal Shield
186064	Communal Buckler
186065	Communal Book of Healing
186066	Communal Book of Protection
186067	Communal Book of Righteousness
186068	Communal Shiv
186069	Communal Knives
186070	Communal Right Claw
186071	Communal Totem of Lightning
186072	Communal Totem of Restoration
186073	Communal Totem of the Storm
186074	Communal Necklace
186075	Communal Cloak
186076	Communal Bindings
186078	Communal Crown
186079	Communal Legguards
186080	Communal Pads
186082	Communal Leggings
186083	Communal Spaulders
186084	Communal Armguards
186087	Communal Plate Leggings
186163	Communal Guardian
186683	Formula: Enchant Ring - Stats
191061	Brilliant Glass
208196	Moa'kin Band
208424	Sun Shades
208425	Shiny Archaic Vestige
208484	Sunlight
215412	Waylaid Supplies: Shadowskin Gloves
216918	Felheart Boots
216920	Felheart Bindings
216921	Felheart Grips
216923	Felheart Leggings
216924	Felheart Embrace
216925	Felheart Mantle
221785	Cenarion Vestments
224281	Gla'sir
224282	Rae'lar
225675	Sooty Obsidian Core
225676	Molten Obsidian Core
225740	Rune of Composure
225914	Rune of the Bound Spirit
226211	Echo of Nerub'enkan
226214	Echo of Willey
226404	Tarnished Undermine Real
226405	Damaged Undermine Supply Crate
226407	Rune of Axe Specialization
226408	Rune of Mace Specialization
226413	Rune of Arcane Specialization
226414	Rune of Fire Specialization
226417	Rune of Shadow Specialization
226418	Rune of Holy Specialization
226440	Nightslayer Belt
226441	Nightslayer Gloves
226442	Nightslayer Bracelets
226445	Nightslayer Pants
226446	Nightslayer Cover
226447	Nightslayer Chestpiece
226472	Stratholme Shadow Jar
226474	Nightslayer Waistguard
226476	Nightslayer Bracers
226477	Nightslayer Tabi
226478	Nightslayer Pauldrons
226479	Nightslayer Legguards
226484	Bracers of Might
226485	Belt of Might
226486	Gauntlets of Might
226487	Sabatons of Might
226489	Breastplate of Might
226490	Legplates of Might
226491	Shoulderplates of Might
226492	Pauldrons of Might
226493	Leggings of Might
226494	Hauberk of Might
226495	Jaws of Might
226496	Treads of Might
226497	Hands of Might
226498	Sash of Might
226500	Chipped Drakefire Amulet
226530	Giantstalker's Bracers
226532	Giantstalker's Leggings
226534	Giantstalker's Breastplate
226541	Giantstalker's Wristguards
226542	Giantstalker's Girdle
226547	Felheart Pants
226548	Felheart Robes
226550	Felheart Shoulder Pads
226551	Felheart Belt
226553	Felheart Bracers
226554	Felheart Slippers
226555	Arcanist Belt
226556	Arcanist Gloves
226557	Arcanist Boots
226558	Arcanist Bindings
226560	Arcanist Mantle
226561	Arcanist Leggings
226562	Arcanist Crown
226565	Arcanist Pants
226566	Arcanist Shoulders
226567	Arcanist Wristwraps
226568	Arcanist Sandals
226569	Arcanist Handguards
226570	Arcanist Cord
226571	Boots of Prophecy
226572	Gloves of Prophecy
226573	Circlet of Prophecy
226574	Pants of Prophecy
226575	Robes of Prophecy
226576	Mantle of Prophecy
226577	Girdle of Prophecy
226578	Vambraces of Prophecy
226579	Wristwraps of Prophecy
226580	Belt of Prophecy
226581	Shoulderpads of Prophecy
226582	Garments of Prophecy
226583	Leggings of Prophecy
226584	Crown of Prophecy
226585	Hands of Prophecy
226586	Sandals of Prophecy
226611	Earthfury Epaulets
226612	Earthfury Helmet
226613	Earthfury Boots
226614	Earthfury Legguards
226615	Earthfury Gauntlets
226616	Earthfury Belt
226617	Earthfury Vestments
226618	Earthfury Bracers
226619	Earthfury Ringmail
226620	Earthfury Walkers
226621	Earthfury Hands
226622	Earthfury Visor
226623	Earthfury Leggings
226624	Earthfury Mantle
226625	Earthfury Cord
226626	Earthfury Wristbands
226628	Earthfury Sabatons
226629	Earthfury Handguards
226630	Earthfury Greathelm
226631	Earthfury Scaled Leggings
226632	Earthfury Pauldrons
226634	Earthfury Wristguards
226635	Earthfury Chainmail
226636	Earthfury Battleboots
226637	Earthfury Grips
226638	Earthfury Headpiece
226639	Earthfury Chain Leggings
226640	Earthfury Spaulders
226641	Earthfury Girdle
226642	Earthfury Bindings
226647	Cenarion Helm
226650	Cenarion Belt
226651	Cenarion Pants
226652	Cenarion Sandals
226653	Cenarion Mantle
226654	Cenarion Gauntlets
226655	Cenarion Wrists
226656	Cenarion Embrace
226657	Cenarion Cord
226658	Cenarion Antlers
226660	Cenarion Girdle
226661	Cenarion Tunic
226663	Cenarion Treads
226666	Cenarion Trousers
226667	Cenarion Waistguard
226668	Cenarion Wristguards
226669	Cenarion Grips
226670	Cenarion Crown
226671	Cenarion Legguards
226673	Cenarion Walkers
226674	Cenarion Pauldrons
226675	Cenarion Armor
226694	Rune of Defense Specialization
226697	Red Bag
226700	Shadowcraft Tunic
226701	Shadowcraft Belt
226702	Shadowcraft Gloves
226703	Shadowcraft Boots
226704	Shadowcraft Bracers
226705	Shadowcraft Pants
226706	Shadowcraft Spaulders
226707	Shadowcraft Cap
226708	Wildheart Cowl
226709	Wildheart Kilt
226710	Wildheart Spaulders
226711	Wildheart Gloves
226712	Wildheart Belt
226713	Wildheart Boots
226714	Wildheart Bracers
226715	Wildheart Vest
226716	Beaststalker's Mantle
226717	Beaststalker's Bindings
226718	Beaststalker's Belt
226719	Beaststalker's Pants
226720	Beaststalker's Cap
226721	Beaststalker's Gloves
226722	Beaststalker's Boots
226723	Beaststalker's Tunic
226724	Magister's Belt
226725	Magister's Bindings
226726	Magister's Mantle
226727	Magister's Leggings
226728	Magister's Crown
226729	Magister's Robes
226730	Magister's Boots
226731	Magister's Gloves
226732	Lightforge Belt
226734	Lightforge Breastplate
226735	Lightforge Spaulders
226737	Lightforge Gauntlets
226738	Lightforge Boots
226739	Lightforge Bracers
226740	Devout Gloves
226741	Devout Mantle
226742	Devout Bracers
226743	Devout Sandals
226744	Devout Belt
226745	Devout Robe
226746	Devout Crown
226747	Devout Skirt
226748	Gauntlets of Elements
226749	Vest of Elements
226750	Kilt of Elements
226751	Bindings of Elements
226752	Boots of Elements
226753	Pauldrons of Elements
226754	Cord of Elements
226755	Coif of Elements
226756	Dreadmist Mantle
226757	Dreadmist Robe
226758	Dreadmist Wraps
226759	Dreadmist Bracers
226760	Dreadmist Leggings
226761	Dreadmist Belt
226762	Dreadmist Mask
226763	Dreadmist Sandals
226764	Boots of Valor
226765	Belt of Valor
226766	Bracers of Valor
226767	Legplates of Valor
226768	Spaulders of Valor
226769	Helm of Valor
226770	Breastplate of Valor
226771	Gauntlets of Valor
226774	Feralheart Galoshes
226775	Feralheart Wraps
226776	Feralheart Vest
226777	Feralheart Hands
226778	Feralheart Spaulders
226779	Feralheart Kilt
226780	Feralheart Cord
226781	Feralheart Sandals
226782	Feralheart Bindings
226783	Feralheart Embrace
226784	Feralheart Gauntlets
226785	Feralheart Mantle
226786	Feralheart Headdress
226787	Feralheart Pants
226788	Feralheart Bands
226789	Feralheart Girdle
226793	Feralheart Fists
226794	Feralheart Walkers
226795	Feralheart Tunic
226796	Feralheart Wristguards
226797	Feralheart Waistguard
226798	Feralheart Pauldrons
226801	Feralheart Faceguard
226802	Feralheart Grips
226803	Feralheart Treads
226804	Feralheart Armor
226825	Darkmantle Tunic
226826	Darkmantle Spaulders
226827	Darkmantle Pants
226828	Darkmantle Grips
226829	Darkmantle Cap
226830	Darkmantle Bracers
226831	Darkmantle Footpads
226832	Darkmantle Belt
226835	Darkmantle Wristguards
226836	Darkmantle Waistguard
226838	Darkmantle Legguards
226840	Darkmantle Handguards
226841	Darkmantle Faceguard
226842	Darkmantle Treads
226843	Darkmantle Armor
226857	Battleboots of Heroism
226860	Crown of Heroism
226861	Gauntlets of Heroism
226862	Breastplate of Heroism
226864	Belt of Heroism
226865	Wristguards of Heroism
226866	Waistguard of Heroism
226872	Chestguard of Heroism
226881	Beastmaster's Treads
226883	Beastmaster's Gauntlets
226888	Beastmaster's Belt
226889	Beastmaster's Bracers
226890	Beastmaster's Waistwrap
226906	Deathmist Robe
226908	Deathmist Sandals
226909	Deathmist Mask
226910	Deathmist Leggings
226914	Deathmist Cord
226915	Deathmist Epaulets
226916	Deathmist Pants
226917	Deathmist Hood
226918	Deathmist Grasps
226920	Deathmist Embrace
226929	Sorcerer's Bindings
226931	Sorcerer's Sandals
226933	Sorcerer's Leggings
226945	Virtuous Robe
226946	Virtuous Skirt
226948	Virtuous Belt
226949	Virtuous Bracers
226950	Virtuous Mitts
226951	Virtuous Mantle
226952	Virtuous Sandals
226953	Virtuous Wraps
226954	Virtuous Cord
226955	Virtuous Epaulets
226956	Virtuous Leggings
226957	Virtuous Cowl
226958	Virtuous Hands
226959	Virtuous Slippers
226960	Virtuous Gown
226969	Soulforge Spaulders
226970	Soulforge Bracers
226971	Soulforge Belt
226972	Soulforge Legplates
226978	Soulforge Cord
226983	Soulforge Treads
226985	Soulforge Wristguards
226986	Soulforge Waistguard
226988	Soulforge Legguards
227001	Bindings of The Five Thunders
227002	Coif of The Five Thunders
227003	Pauldrons of The Five Thunders
227004	Vest of The Five Thunders
227005	Kilt of The Five Thunders
227006	Gauntlets of The Five Thunders
227007	Slippers of The Five Thunders
227008	Cord of The Five Thunders
227009	Bracers of The Five Thunders
227010	Sash of The Five Thunders
227011	Mantle of The Five Thunders
227012	Leggings of The Five Thunders
227014	Grasp of The Five Thunders
227015	Greaves of The Five Thunders
227016	Tunic of The Five Thunders
227017	Bands of The Five Thunders
227018	Girdle of The Five Thunders
227019	Spaulders of The Five Thunders
227020	Legplates of The Five Thunders
227021	Face of The Five Thunders
227022	Fists of The Five Thunders
227023	Treads of The Five Thunders
227024	Chain of The Five Thunders
227025	Wristguards of The Five Thunders
227026	Waistguard of The Five Thunders
227027	Shoulderguards of The Five Thunders
227028	Legguards of The Five Thunders
227029	Headpiece of The Five Thunders
227030	Handguards of The Five Thunders
227031	Sabatons of The Five Thunders
227032	Chestguard of The Five Thunders
227042	Champion's Plate Shoulders
227043	Champion's Plate Helm
227048	Legionnaire's Plate Leggings
227049	Legionnaire's Plate Hauberk
227050	Blood Guard's Plate Gauntlets
227051	Blood Guard's Plate Greaves
227062	Blood Guard's Leather Walkers
227071	Legionnaire's Chain Hauberk
227073	Legionnaire's Chain Legguards
227107	Legionnaire's Silk Legguards
227118	Champion's Satin Hood
227120	Champion's Satin Mantle
227123	Legionnaire's Satin Legguards
227124	Legionnaire's Satin Tunic
227126	Blood Guard's Satin Handwraps
227127	Blood Guard's Satin Walkers
227130	Champion's Satin Epaulets
227131	Legionnaire's Satin Leggings
227132	Champion's Satin Crown
227133	Blood Guard's Satin Grips
227134	Blood Guard's Satin Treads
227135	Legionnaire's Satin Robe
227154	Champion's Mail Pauldrons
227155	Champion's Mail Headguard
227156	Legionnaire's Mail Legguards
227157	Legionnaire's Mail Hauberk
227158	Blood Guard's Mail Greaves
227159	Blood Guard's Mail Vices
227160	Champion's Mail Spaulders
227161	Legionnaire's Mail Leggings
227162	Champion's Mail Helm
227163	Blood Guard's Mail Gauntlets
227164	Blood Guard's Mail Sabatons
227165	Legionnaire's Mail Breastplate
227166	Champion's Mail Epaulets
227167	Legionnaire's Mail Pants
227168	Champion's Mail Skullcap
227169	Blood Guard's Mail Gloves
227170	Blood Guard's Mail Boots
227171	Legionnaire's Mail Chestguard
227174	Champion's Dragonhide Headguard
227175	Champion's Dragonhide Shoulders
227177	Legionnaire's Dragonhide Leggings
227179	Legionnaire's Dragonhide Chestpiece
227180	Blood Guard's Dragonhide Grips
227181	Blood Guard's Dragonhide Treads
227186	Champion's Dragonhide Helm
227204	Blood Guard's Dragonhide Gauntlets
227206	Legionnaire's Dragonhide Legguards
227279	Loop of the Magister
227280	Craft of the Shadows
227282	Ring of the Dreaded Mist
227284	Band of the Beast
227346	Dawn Gloves and Belt Set
227347	Twilight Gloves and Belt Set
227350	Relief's Gloves and Belt Set
227351	Eruption's Gloves and Belt Set
227352	Impact's Gloves and Belt Set
227353	Resolve's Gloves and Belt Set
227371	Dawn Boots, Legs, and Shoulders Set
227372	Twilight Boots, Legs, and Shoulders Set
227375	Relief's Boots, Legs, and Shoulders Set
227376	Eruption's Boots, Legs, and Shoulders Set
227377	Impact's Boots, Legs, and Shoulders Set
227378	Resolve's Boots, Legs, and Shoulders Set
227393	Dawn Helm and Chestpiece Set
227394	Twilight Helm and Chestpiece Set
227397	Relief's Helm and Chestpiece Set
227399	Impact's Helm and Chestpiece Set
227400	Resolve's Helm and Chestpiece Set
227454	Tidal Loop
227455	Ocean's Breeze
227530	Incandescent Belt
227531	Incandescent Bindings
227532	Incandescent Hood
227533	Incandescent Gloves
227534	Incandescent Leggings
227535	Incandescent Robe
227536	Incandescent Boots
227537	Incandescent Shoulderpads
227683	Sulfuras, Hand of Ragnaros
227684	Sulfuron Hammer
227728	Eye of Sulfuras
227743	Obsidian Power Core
227745	Family Heirloom
227747	Family Records
227748	Survivor Journal
227750	Molten Scaled Bindings
227751	Molten Scaled Belt
227752	Molten Scaled Shoulderpads
227754	Molten Scaled Leggings
227755	Molten Scaled Helm
227756	Molten Scaled Gloves
227757	Molten Scaled Boots
227758	Molten Scaled Chest
227759	Scorched Core Gloves
227760	Scorched Core Bindings
227761	Scorched Core Belt
227762	Scorched Core Shoulderpads
227763	Scorched Core Leggings
227764	Scorched Core  Helm
227765	Scorched Core Boots
227766	Scorched Core Chest
227767	Flamestone Cluster
227768	Dreamjuice
227801	Firelands Ember
227803	Dire Warbear Harness
227804	Dire Warbear Woolies
227805	Ferocity of the Timbermaw
227808	Rugged Mantle of the Timbermaw
227809	Studded Timbermaw Brawlers
227813	Drinkable Stratholme Holy Water
227814	Radiant Girdle of the Dawn
227815	Fine Dawn Treaders
227816	Argent Elite Boots
227817	Radiant Gloves of the Dawn
227818	Glowing Mantle of the Dawn
227819	Blessed Flame Mantle of the Dawn
227820	Tempered Dark Iron Bracers
227821	Flamekissed Molten Helm
227822	Thick Corehound Boots
227823	Fine Flarecore Gloves
227824	Tempered Dark Iron Helm
227825	Molten Dark Iron Destroyer
227826	Dark Iron Flame Reaver
227827	Molten Chain Girdle
227828	Lavawalker Belt
227829	Hardened Black Dragonscale Boots
227830	Fine Flarecore Mantle
227831	Fine Flarecore Robe
227832	Tempered Black Amnesty
227833	Glaive of Obsidian Fury
227834	Molten Chain Shoulders
227835	Tempered Dark Iron Gauntlets
227836	Tempered Dark Iron Leggings
227837	Thick Corehound Belt
227838	Shining Chromatic Gauntlets
227839	Fine Flarecore Leggings
227840	Implacable Blackguard
227842	Ebon Fist
227844	Leather-Reinforced Runecloth Bag
227845	Refined Arcanite Reaper
227847	Devilcore Leggings
227848	Devilcore Gauntlets
227849	Fiery Core Sharpshooter Rifle
227851	Hardened Black Dragonscale Breastplate
227852	Hardened Black Dragonscale Leggings
227853	Hardened Black Dragonscale Shoulders
227854	Mastercrafted Shifting Cloak
227859	Shimmering Dawnbringer Shoulders
227860	Incandescent Mooncloth Vest
227861	Incandescent Mooncloth Robe
227863	Incandescent Mooncloth Circlet
227866	Masterwork Volcanic Shoulders
227867	Masterwork Volcanic Leggings
227868	Masterwork Volcanic Breastplate
227869	Brilliant Chromatic Cloak
227882	Girdle of Arcane Insight
227886	Skyrider's Masterwork Stormhammer
227888	Argent Elite Shoulders
227899	Pattern: Honed Blue Dragonscale Shoulders
227901	Plans: Tempered Dark Iron Plate
227902	Pattern: Hardened Black Dragonscale Breastplate
227903	Pattern: Hardened Black Dragonscale Leggings
227904	Pattern: Hardened Black Dragonscale Shoulders
227905	Plans: Skyrider's Masterwork Stormhammer
227906	Pattern: Masterwork Volcanic Breastplate
227907	Pattern: Masterwork Volcanic Shoulders
227908	Pattern: Masterwork Volcanic Leggings
227912	Applied Divinity
227914	Owlbeast Pineal Gland
227915	Duke's Domain
227923	Water Treads
227925	Beacon of Hydraxis
227926	Hydraxian Coronation
227927	Oath of the Sea
227936	Diplomat Ring
227937	Puzzle Box
227938	Shard of Light
227939	Shard of Light
227940	Lord General's Sword
227941	Wraith Scythe
227947	Golem Fitted Pauldrons
227948	Angerforge's Battle Axe
227952	Savage Gladiator Chain
227955	Savage Gladiator Helm
227956	Deathdealer Breastplate
227957	Savage Gladiator Greaves
227958	Ghostshroud
227959	Legplates of the Eternal Guardian
227960	Impervious Giant
227961	Savage Gladiator Grips
227962	Flarethorn
227963	Blood-etched Blade
227964	Luminary Kilt
227965	Omnicast Boots
227967	Second Wind
227970	Cape of the Fire Salamander
227971	Molten Fists
227972	Burst of Knowledge
227973	Circle of Flame
227974	Lavastone Hammer
227978	Magmus Stone
227980	Robes of the Royal Crown
227981	Dreadforge Retaliator
227982	Guiding Stave of Wisdom
227983	Dark Iron Seal
227984	Thaurissan's Royal Scepter
227985	The Emperor's New Cape
227986	Wristguards of Renown
227987	Sash of the Grand Hunt
227988	Imperial Jewel
227990	Hand of Injustice
227991	Ironfoe
227992	Death Knight Sabatons
227993	Ebon Hilt of Marduk
227994	Frightskull Shaft
227996	Ancient Bone Bow
227997	Barovian Family Sword
227998	Bloodmail Boots
228001	Stoneform Shoulders
228003	Bloodmail Legguards
228004	Windreaver Greaves
228005	Clutch of Andros
228007	Gargoyle Slashers
228009	Necropile Boots
228010	Necropile Mantle
228011	Necropile Cuffs
228012	Bloodmail Hauberk
228013	Necropile Robe
228014	Bloodmail Belt
228015	Frightalon
228016	Dimly Opalescent Ring of Arcane Resistance
228017	Skullsmoke Pants
228018	Necropile Leggings
228019	Heart of the Fiend
228020	Bloodmail Gauntlets
228021	Witchblade
228022	Headmaster's Charge
228023	Alanna's Embrace
228024	Silent Fang
228025	Tombstone Breastplate
228027	Iceblade Hacker
228029	Gravestone War Axe
228030	Malicious Axe
228031	Darkshade Gloves
228032	Bone Ring Helm
228033	Hammer of Divine Might
228034	Shivery Handwraps
228036	Death's Clutch
228037	Rattlecage Buckler
228039	Spellbound Tome
228040	Ghostloom Leggings
228041	Wraithplate Leggings
228042	Detention Strap
228044	Maelstrom Leggings
228045	Necromantic Band
228046	Don Mauricio's Band of Domination
228047	Amalgam's Band
228050	Satyr's Bow
228051	Quel'dorai Channeling Rod
228052	Waveslicer
228053	Fervent Helm
228054	Tempest Talisman
228055	Energized Chestplate
228056	Fiendish Machete
228057	Ring of Demonic Potency
228058	Bulky Iron Spaulders
228059	Denwatcher's Shoulders
228060	Heliotrope Cloak
228063	Warpwood Binding
228064	Observer's Shield
228066	Ironweave Gloves
228067	Elder Magus Pendant
228068	Mugger's Belt
228074	Hands of Temptation
228075	Spear of Destiny
228076	Burning Ring of Fire
228077	Dreambough
228078	Accursed Chalice
228079	Cloak of Leaves
228080	Resin Loop
228081	Germinating Poisonseed
228082	Warsong Axe
228083	Gloaming Treeheart
228084	Miniaturized Fire Extinguisher
228085	Phaseshifted Legion Band
228086	Repurposed Shredderblade
228087	Supercharged Silver Moebius
228088	Shredder Operator's Dogtags
228089	Woodcarved Moonstalker
228090	Cenarion Ritual Dagger
228091	Thorned Boots
228092	Druidic Mantle
228093	Dark Heart of Darkness
228094	Dreadlord's Blade
228100	Drape of the Fire Lord
228101	Hide of the Behemoth
228102	Majordomo's Drape
228103	Nathrezim's Greaves
228104	Robes of Elune
228106	Shield of Life and Death
228107	Fallen Huntress' Longbow
228108	Shadow of Gorehowl
228109	Legguards of Sacrifice
228111	Mask of the Godslayer
228112	Nightmare Gown
228113	Cold Embrace
228117	Plans: Refined Arcanite Champion
228120	Pattern: Devilcore Leggings
228121	Pattern: Leather-Reinforced Runecloth Bag
228123	Jubilant Epiphany
228124	Oneiric Epiphany
228126	Aperitive Epiphany
228127	Wristguards of Instability
228129	Shadowflame Skull
228131	Altruist Ward
228137	Heart of Golemagg
228139	Fist of the Firesworn
228142	Earth and Fire
228143	Shadowflame Sword
228145	Magmadar's Right Claw
228146	Magmadar's Left Claw
228147	Magmadar's Horn
228162	Deceit
228163	Broodmother's Brooch
228165	Dragonslayer's Javelin
228166	Key to the City
228168	Goblin Gear Grinder
228169	The Attitude Adjustor
228170	Makeshift South Sea Oar
228171	Kezan Cash Carrier
228172	Shadowtooth Illusion Ward
228173	Libram of the Consecrated
228174	Libram of the Devoted
228175	Libram of Holy Alacrity
228176	Totem of Thunder
228177	Totem of Raging Fire
228178	Totem of Earthen Vitality
228179	Totem of the Plains
228180	Idol of the Swarm
228181	Idol of Exsanguination (Cat)
228182	Idol of Exsanguination (Bear)
228183	Idol of the Grove
228184	Goblin Clothesline
228185	Broken Bottle of Goblino Noir
228186	Abandoned Wedding Band
228187	Stick of the South Sea
228189	Gift of Gob
228190	Knowledge of the Timbermaw
228191	Shimmering Molten Mineral
228222	Handbook of Valor of Azeroth
228229	Obsidian Edged Blade
228239	Robe of Volatile Power
228240	Flamewaker Legplates
228242	Heavy Dark Iron Ring
228243	Ring of Spell Power
228244	Manastorm Leggings
228245	Salamander Scale Pants
228246	Wristguards of Stability
228247	Choker of Enlightenment
228249	Medallion of Steadfast Might
228253	Sabatons of the Flamewalker
228254	Magma Tempered Boots
228255	Talisman of Ephemeral Power
228256	Mana Igniting Cord
228257	Aged Core Leather Gloves
228258	Deep Earth Spaulders
228259	Fire Runed Grimoire
228260	Flameguard Gauntlets
228261	Quick Strike Ring
228262	Crimson Shocker
228263	Sorcerous Dagger
228264	Aurastone Hammer
228265	Brutality Blade
228266	Drillborer Disk
228267	Gutgore Ripper
228268	Seal of the Archmagus
228269	Azuresong Mageblade
228270	Blastershot Launcher
228271	Staff of Dominance
228272	Shadowstrike
228273	Thunderstrike
228274	Cauterizing Band
228275	Core Forged Greaves
228276	Pattern: Mastercrafted Shifting Cloak
228277	Core Hound Tooth
228278	Hyperthermically Insulated Lava Dredger
228279	Fireguard Shoulders
228280	Fireproof Cloak
228281	Gloves of the Hypnotic Flame
228282	Sash of Whispered Secrets
228283	Wild Growth Spaulders
228284	Wristguards of True Flight
228285	Helm of the Lifegiver
228286	Band of Accuria
228287	Band of Sulfuras
228288	Bonereaver's Edge
228289	Choker of the Fire Lord
228290	Cloak of the Shrouded Mists
228291	Crown of Destruction
228292	Dragon's Blood Cape
228293	Essence of the Pure Flame
228295	Onslaught Girdle
228296	Perdition's Blade
228297	Shard of the Flame
228298	Shard of the Scale
228299	Spinal Reaper
228303	Pattern: Incandescent Mooncloth Robe
228305	Plans: Refined Hammer of the Titans
228310	Plans: Hardened Frostguard
228313	Plans: Tempest Gauntlets
228315	Plans: Sageblade of the Archmagus
228316	Pattern: Incandescent Mooncloth Vest
228317	Pattern: Incandescent Mooncloth Circlet
228318	Pattern: Incandescent Mooncloth Leggings
228334	Rhok'delar, Longbow of the Ancient Keepers
228335	Benediction
228336	Anathema
228340	Unmelting Ice Girdle
228345	Leggings of Arcane Supremacy
228347	Typhoon
228349	Eskhandar's Left Claw
228350	Eskhandar's Right Claw
228351	Doomhide Gauntlets
228352	Fel Infused Leggings
228353	Infernal Headcage
228354	Blazefury Medallion
228355	Flayed Doomguard Belt
228356	Amberseal Keeper
228357	Blacklight Bracer
228359	Ring of Entropy
228360	Eskhandar's Pelt
228381	Cold Snap
228382	Fang of the Mystics
228383	Puissant Cape
228384	Snowblind Shoes
228385	Crystal Adorned Crown
228389	Drape of Benediction
228397	Empyrean Demolisher
228410	Dreadblade of the Destructor
228459	Obsidian Edged Blade
228460	Spinal Reaper
228462	Aurastone Hammer
228464	Royal Seal of Eldre'Thalas
228468	Tanglemoss Leggings
228469	Tarnished Elven Ring
228470	Silvermoon Leggings
228471	Stoneshatter
228472	Distracting Dagger
228473	Unyielding Maul
228477	Pattern: Embroidered Belt of the Archmage
228479	Leggings of Destruction
228484	Rod of the Ogre Magi
228486	Treant's Bane
228500	Mask of the Unforgiven
228501	Songbird Blouse
228502	Piccolo of the Flaming Fire
228503	Woollies of the Prancing Minstrel
228504	Rainbow Girdle
228505	Royal Tribunal Cloak
228506	Brutality Blade
228508	Hammer of The Black Anvil
228511	Perdition's Blade
228513	Vambraces of the Sadist
228514	Timmy's Galoshes
228515	Grimgore Noose
228516	Peacemaker
228517	Azuresong Mageblade
228518	Magistrate's Cuffs
228519	Striker's Mark
228520	Soulstealer Mantle
228521	Shadowy Laced Handwraps
228522	Willey's Portable Howitzer
228523	Cannonball Runner
228524	The Postmaster's Seal
228525	The Postmaster's Tunic
228527	The Postmaster's Trousers
228528	The Postmaster's Band
228529	The Postmaster's Treads
228530	Chitinous Plate Legguards
228531	Thuzadin Sash
228533	Nacreous Shell Necklace
228535	Bone Slicing Hatchet
228536	Star of Mystaria
228537	Dracorian Gauntlets
228538	Seal of Rivendare
228539	Book of the Dead
228540	Crown of Tyranny
228541	Gift of the Elven Magi
228542	Skullforge Reaver
228543	Runeblade of Baron Rivendare
228544	Hammer of the Grand Crusader
228545	Grand Crusader's Helm
228546	Shroud of the Nathrezim
228547	Ironweave Robe
228548	Scepter of Interminable Focus
228551	Tunic of the Crescent Moon
228552	Gauntlets of Deftness
228553	Helm of the Executioner
228554	Demonskin Gloves
228555	Phase Blade
228556	Butcher's Apron
228557	Swiftdart Battleboots
228558	Funeral Cuffs
228559	Blackcrow
228561	Trueaim Gauntlets
228562	Demonic Runed Spaulders
228563	Globe of D'sak
228564	Ogreseer Tower Boots
228566	Starfire Tiara
228567	Chiselbrand Girdle
228568	Backusarian Gauntlets
228570	Fist of Omokk
228571	Plate of the Shaman King
228572	Brazecore Armguards
228573	Venomspitter
228574	Talisman of Evasion
228575	Slashclaw Bracers
228576	Smolderweb's Eye
228577	Gilded Gauntlets
228578	Dustfeather Sash
228579	Crystallized Girdle
228583	Truestrike Shoulders
228584	Emberfury Talisman
228585	Mark of the Dragon Lord
228586	Chillpike
228587	Trindlehaven Staff
228588	Reiver Claws
228589	Heart of the Scale
228590	Sunderseer Mantle
228591	Rhombeard Protector
228592	Fang of the Crystal Spider
228594	Kayser's Boots of Precision
228595	Marksman's Girdle
228596	Ironweave Belt
228597	Ironweave Boots
228598	Ironweave Bracers
228600	The Jaw Breaker
228601	Relentless Scythe
228602	Flame Walkers
228603	Blackhand Doomsaw
228604	Eye of Rend
228605	Bonespike Shoulder
228606	Blackblade of Shahram
228650	Warmaster Legguards
228651	Battleborn Armbraces
228653	Dal'Rend's Sacred Charge
228660	Blademaster Leggings
228661	Tristam Legguards
228662	Blackmist Armguards
228663	Bloodmoon Cloak
228664	Frostweaver Cape
228666	Seeping Willow
228667	Painweaver Band
228669	Tooth of Gnarr
228670	Brigam Girdle
228672	Handcrafted Mastersmith Girdle
228675	Band of Rumination
228676	Feralsurge Girdle
228677	Spellweaver's Turban
228678	Draconic Infused Emblem
228679	Quel'Serrar
228680	Nostro's Compendium of Dragon Slaying
228681	Ironweave Cowl
228683	Rune Band of Wizardry
228684	Pendant of Celerity
228685	Onyxia Tooth Pendant
228686	Onyxia Blood Talisman
228687	Dragonslayer's Signet
228689	Head of Onyxia
228691	Garona: A Study on Stealth and Treachery
228692	Codex of Defense
228693	The Arcanist's Cookbook
228699	Ring of Demonic Guile
228700	Ironweave Mantle
228701	Core Hound Tooth
228722	Hand of Justice
228749	Splinter of Nordrassil
228757	Felstriker
228759	Eskhandar's Collar
228912	Artifact Storage Key
228924	Tempered Dark Iron Boots
228925	Tempered Dark Iron Boots
228926	Tempered Dark Iron Boots
228927	Tempered Dark Iron Boots
228928	Tempered Dark Iron Boots
228929	Tempered Dark Iron Boots
228955	Ancient Cornerstone Grimoire
228978	Enchanted Sigil: Flowing Waters
228979	Enchanted Sigil: Flowing Waters
228980	Conductive Shield Coating
228981	Formula: Conductive Shield Coating
228982	Formula: Enchant Shield - Law of Nature
228992	Onyxia Hide Backpack
228993	Pattern: Bottomless Bag
228994	Bottomless Bag
229008	Formula: Enchant Cloak - Greater Fire Resistance
229009	Formula: Enchant Cloak - Greater Nature Resistance
229372	Gutgore Ripper
229374	Fist of the Firesworn
229376	Sorcerous Dagger
229377	Magmadar's Left Claw
229378	Magmadar's Right Claw
229379	Eskhandar's Right Claw
229382	Hyperthermically Insulated Lava Dredger
229906	Tarnished Bronze Scale
230002	Mortal Finisher
230008	Linkue Combatant Icon
230237	Arcane Infused Gem
230238	The Black Book
230239	Gloves of Rapid Evolution
230240	Mantle of the Blackwing Cabal
230241	Spineshatter
230242	The Untamed Blade
230244	Shapeshifter's Sigil
230245	Pendant of the Fallen Dragon
230248	Red Dragonscale Protector
230252	Bracers of Arcane Accuracy
230253	Heartstriker
230255	Taut Dragonhide Belt
230256	Drake Talon Pauldrons
230257	Ring of Blackrock
230270	Shadow Wing Focus Staff
230271	Drake Talon Cleaver
230275	Firemaw's Clutch
230276	Claw of the Black Drake
230277	Cloak of Firemaw
230280	Aegis of Preservation
230282	Drake Fang Talisman
230723	Ebony Flame Gloves
230733	Shroud of Pure Thought
230734	Circle of Applied Force
230739	Angelista's Grasp
230740	Taut Dragonhide Shoulderpads
230741	Chromatic Boots
230742	Taut Dragonhide Gloves
230744	Elementium Threaded Cloak
230745	Girdle of the Fallen Crusader
230746	Empowered Leggings
230794	Claw of Chromaggus
230800	Primalist's Linked Waistguard
230801	Ashjre'thul, Crossbow of Smiting
230802	Elementium Reinforced Bulwark
230804	Cloak of the Brood Lord
230805	Boots of the Shadow Flame
230806	Therazane's Link
230808	Archimtiros' Ring of Reckoning
230810	Neltharion's Tear
230811	Pure Elementium Band
230812	Mish'undare, Circlet of the Mind Flayer
230813	Staff of the Shadow Flame
230818	Ashkandi, Greatsword of the Brotherhood
230837	Crul'shorukh, Edge of Chaos
230838	Lok'amir il Romathis
230839	Master Dragonslayer's Ring
230840	Master Dragonslayer's Medallion
230841	Master Dragonslayer's Orb
230844	Draconic Maul
230845	Doom's Edge
230846	Band of Dark Dominion
230854	Band of Servitude
230856	Belt of Untapped Power
230857	Blooddrenched Mask
230858	Cloak of the Hakkari Worshipers
230859	Gloves of the Tormented
230860	Might of the Tribe
230861	Sacrificial Gauntlets
230862	Zulian Headdress
230863	Zulian Scepter of Rites
230866	Blooddrenched Footpads
230868	Zulian Stone Axe
230904	Scroll: SEENECS FO RIEF
230911	Jeklik's Crusher
230912	Animist's Spaulders
230913	Jeklik's Opaline Talisman
230915	Primalist's Band
230916	Seafury Boots
230920	Mar'li's Eye
230921	Band of Jin
230923	Betrayer's Boots
230925	Thekal's Grasp
230927	Ritualistic Legguards
230928	Seafury Leggings
230930	Zulian Slicer
230941	Arlokk's Hoodoo Stick
230942	Bloodsoaked Greaves
230943	Overlord's Onyx Band
230944	Panther Hide Sack
230991	Halberd of Smiting
230992	Warblade of the Hakkari
230994	Animist's Leggings
230995	Blooddrenched Grips
230996	Bloodsoaked Pauldrons
230998	Hakkari Loa Cloak
230999	Overlord's Crimson Band
231000	Primalist's Seal
231002	Jin'do's Hexxer
231003	Jin'do's Evil Eye
231004	Jin'do's Judgement
231005	Jin'do's Bag of Whammies
231007	Bloodstained Coif
231009	Blooddrenched Leggings
231010	Bloodsoaked Gauntlets
231011	Bloodtinged Gloves
231012	Overlord's Embrace
231013	The Hexxer's Cover
231014	Lizardscale Eyepatch
231026	Legguards of Wrath
231027	Faceguard of Wrath
231028	Handguards of Wrath
231030	Chestguard of Wrath
231031	Bracers of Wrath
231034	Legplates of Wrath
231035	Helm of Wrath
231036	Gauntlets of Wrath
231038	Breastplate of Wrath
231040	Bloodfang Chestpiece
231042	Bloodfang Gloves
231043	Bloodfang Hood
231044	Bloodfang Pants
231045	Bloodfang Belt
231047	Bloodfang Shoulderpads
231048	Bloodfang Chestguard
231050	Bloodfang Handguards
231051	Bloodfang Cowl
231052	Bloodfang Legguards
231059	Dragonstalker's Helm
231100	Netherwind Belt
231102	Netherwind Gloves
231104	Netherwind Pants
231105	Netherwind Robes
231155	Boots of Transcendence
231156	Handguards of Transcendence
231157	Halo of Transcendence
231158	Leggings of Transcendence
231159	Robes of Transcendence
231160	Pauldrons of Transcendence
231161	Belt of Transcendence
231162	Bindings of Transcendence
231165	Treads of Transcendence
231167	Crown of Transcendence
231169	Garb of Transcendence
231171	Cord of Transcendence
231172	Bracers of Transcendence
231192	Judgement Mantle
231199	Bracers of Ten Storms
231204	Greaves of Ten Storms
231219	Headdress of Ten Storms
231230	Stormrage Chestguard
231231	Stormrage Boots
231232	Stormrage Handguards
231233	Stormrage Cover
231234	Stormrage Legguards
231235	Stormrage Pauldrons
231236	Stormrage Belt
231237	Stormrage Bracers
231238	Stormrage Armor
231239	Stormrage Treads
231240	Stormrage Gauntlets
231241	Stormrage Headdress
231242	Stormrage Leggings
231243	Stormrage Spaulders
231244	Stormrage Waistguard
231245	Stormrage Wristguards
231246	Stormrage Leathers
231247	Stormrage Sandals
231248	Stormrage Mitts
231249	Stormrage Antlers
231250	Stormrage Kilt
231251	Stormrage Mantle
231252	Stormrage Cord
231253	Stormrage Bindings
231254	Stormrage Vest
231255	Stormrage Stompers
231256	Stormrage Grips
231257	Stormrage Cowl
231258	Stormrage Trousers
231259	Stormrage Shoulderpads
231260	Stormrage Sash
231261	Stormrage Wraps
231272	Tigule's Harpoon
231273	Gri'lek's Carver
231275	Blazefury Retributer
231278	Hoodoo Hunting Bow
231280	Wushoolay's Charm of Nature
231283	Hazza'rah's Charm of Warding
231287	Renataki's Charm of Trickery
231289	Aegis of the Blood God
231300	Cloak of Consumption
231305	Seafury Gauntlets
231306	Soul Corrupter's Necklace
231307	The Eye of Hakkar
231316	Pristine Enchanted South Seas Kelp
231317	Zandalar Haruspex's Tunic
231332	The All-Seeing Eye of Zuldazar
231333	Zandalar Confessor's Mantle
231334	Zandalar Confessor's Bindings
231335	Zandalar Confessor's Wraps
231336	Zandalarian Shadow Mastery Talisman
231338	Zandalar Madcap's Mantle
231341	Zandalar Augur's Hauberk
231352	Zandalar Vindicator's Belt
231353	Zandalar Vindicator's Breastplate
231366	Prophetic Aura
231367	Prophetic Curse
231378	Shimmering Golden Disk
231460	Planebreaker of Azgaloth
231512	Primal Hakkari Idol
231513	Gri'lek's Blood
231514	Renataki's Tooth
231515	Wushoolay's Mane
231516	Hazza'rah's Dream Thread
231517	Punctured Voodoo Doll
231518	Punctured Voodoo Doll
231519	Punctured Voodoo Doll
231520	Punctured Voodoo Doll
231521	Punctured Voodoo Doll
231522	Punctured Voodoo Doll
231523	Punctured Voodoo Doll
231525	Punctured Voodoo Doll
231531	General's Plate Boots
231552	General's Leather Treads
231554	General's Leather Legguards
231595	General's Silk Trousers
231600	General's Silk Handwraps
231611	Warlord's Satin Epaulets
231612	Warlord's Satin Robes
231614	General's Satin Leggings
231615	Warlord's Satin Crown
231630	General's Satin Walkers
231631	Warlord's Satin Mantle
231632	Warlord's Satin Tunic
231633	General's Satin Handwraps
231634	General's Satin Legguards
231635	Warlord's Satin Hood
231653	Warlord's Mail Hauberk
231654	Warlord's Mail Pauldrons
231655	General's Mail Vices
231656	General's Mail Greaves
231657	Warlord's Mail Headguard
231658	General's Mail Legguards
231659	Warlord's Mail Spaulders
231662	Warlord's Mail Breastplate
231664	General's Mail Leggings
231665	Warlord's Mail Epaulets
231668	Warlord's Mail Chestguard
231669	Warlord's Mail Skullcap
231670	General's Mail Pants
231679	Warlord's Dragonhide Armor
231682	General's Dragonhide Boots
231707	Draconian Bindings
231708	Draconian Belt
231709	Draconian Shoulderpads
231710	Draconian Leggings
231711	Draconian Hood
231712	Draconian Gloves
231713	Draconian Boots
231714	Draconian Robe
231715	Primeval Bindings
231716	Primeval Belt
231717	Primeval Shoulderpads
231718	Primeval Leggings
231719	Primeval Helm
231720	Primeval Gloves
231721	Primeval Boots
231722	Depleted Scythe of Chaos
231723	Primeval Chest
231724	Ancient Bindings
231725	Ancient Belt
231726	Ancient Shoulderpads
231727	Ancient Leggings
231728	Ancient Helm
231729	Ancient Gloves
231730	Ancient Boots
231731	Ancient Chest
231753	Skywall's Solace
231778	Mountain Spring Water
231781	Soul of Thunder
231782	Crown of the Successor
231784	Lightning's Cell
231803	Prestor's Talisman of Connivery
231806	Searing Arrow
231807	Searing Shot
231814	Chromatic Heart
231815	Flashrend
231817	Windstriker
231823	Geddon's Glaive
231846	Gri'lek's Carver
231849	Tigule's Harpoon
231852	Gurubashi Dwarf Destroyer
231855	Fang of the Faceless
231858	Bloodcaller
231860	Jin'do's Judgement
231864	Pitchfork of Madness
231867	Bloodlord's Defender
231871	Wushoolay's Poker
231872	Hoodoo Hunting Bow
231873	Zulian Stone Axe
231875	Thekal's Grasp
231912	Blade of the Pit
231995	Hardened Elementium Slag
232077	Wand of Making
232096	Stormrage Sash
232103	Stormrage Wristguards
232105	Stormrage Spaulders
232106	Stormrage Leggings
232109	Stormrage Treads
232110	Stormrage Armor
232168	Cord of Transcendence
232175	Bindings of Transcendence
232180	Handguards of Transcendence
232211	Helmet of Ten Storms
232213	Greaves of Ten Storms
232247	Bracers of Wrath
232299	Zulian Defender
232309	Renataki's Soul Conduit
232310	Renataki's Soul Conduit
232311	Zulian Tigerhide Cloak
232433	Dense Runecloth Bandage
232434	Manual: Dense Runecloth Bandage
232436	Darkclaw Bisque
232437	Recipe: Darkclaw Bisque
232438	Smoked Redgill
232443	Recipe: Smoked Redgill
232454	Emblem of the Wild Gods
232455	Emblem of Dishonor
232456	Emblem of the Violet Eye
232457	Emblem of the Worldcore
232550	Ashkandi, Greatsword of the Brotherhood
232552	Lok'amir il Romathis
232561	Claw of the Black Drake
232565	Dragonfang Blade
232566	The Untamed Blade
232576	Draconic Avenger
232577	Doom's Edge
232608	Dragonbreath Hand Cannon
233197	Argent Training Manual
233198	Horn of the Dawn
233200	Songflower Seed
233201	Shimmering Globe
233206	Overseer's Anvil
233208	"Defective" Magic 8-Ball
233209	Firewater Cauldron
233211	Spirit Conch
233213	Ancient Lodestone
233215	Explosive Sand Trap
233216	Freez-O-Matic Ray
233217	Tunneler's Incense
233226	Ancient Zandalarian Rope
233250	Ancient Branch
233351	Light Green Qiraji Resonating Crystal
233352	Dark Blue Qiraji Resonating Crystal
233353	Light Blue Qiraji Resonating Crystal
233356	Orange Qiraji Resonating Crystal
233357	Twilight Qiraji Resonating Crystal
233358	Tamed Silithid Tank
233362	Husk of the Old God
233363	Carapace of the Old God
233364	Skin of the Old God
233365	Intact Viscera
233367	Intact Peritoneum
233368	Intact Entrails
233369	Qiraji Bindings of Dominance
233370	Qiraji Bindings of Command
233371	Qiraji Bindings of Sovereignty
233373	Conqueror's Breastplate
233382	Stormcaller's Leggings
233386	Stormcaller's Hauberk
233392	Footwraps of the Oracle
233393	Tiara of the Oracle
233394	Mantle of the Oracle
233395	Vestments of the Oracle
233396	Trousers of the Oracle
233401	Avenger's Pauldrons
233402	Enigma Robes
233403	Enigma Shoulderpads
233404	Enigma Circlet
233407	Striker's Footguards
233408	Striker's Leggings
233409	Striker's Pauldrons
233410	Striker's Diadem
233411	Striker's Hauberk
233412	Genesis Helm
233413	Genesis Shoulderpads
233414	Genesis Boots
233415	Genesis Vest
233416	Genesis Trousers
233417	Mace of Unending Life
233418	Cloak of Unending Life
233419	Band of Unending Life
233420	Cloak of the Unseen Path
233421	Scythe of the Unseen Path
233422	Signet of the Unseen Path
233423	Blade of Vaulted Secrets
233424	Drape of Vaulted Secrets
233425	Band of Vaulted Secrets
233429	Gavel of Infinite Wisdom
233432	Cloak of Veiled Shadows
233433	Dagger of Veiled Shadows
233434	Band of Veiled Shadows
233435	Hammer of the Gathering Storm
233436	Cloak of the Gathering Storm
233437	Ring of the Gathering Storm
233442	Sickle of Unyielding Strength
233492	Razorspike Battleplate
233496	Barrage Shoulders
233502	Amulet of Foul Warding
233503	Pendant of the Qiraji Guardian
233504	Cloak of Concentrated Hatred
233505	Leggings of Immersion
233506	Beetle Scaled Wristguards
233507	Ring of Swarming Thought
233509	Staff of the Qiraji Prophets
233514	Boots of the Unwavering Will
233515	Hammer of Ji'zhi
233516	Breastplate of Annihilation
233517	Boots of the Redeemed Prophecy
233518	Boots of the Fallen Prophet
233519	Cape of the Trinity
233520	Robes of the Triumvirate
233521	Ternary Mantle
233522	Guise of the Devourer
233523	Triad Girdle
233524	Angelista's Touch
233559	Gloves of Ebru
233560	Ooze-ridden Gauntlets
233561	Boots of the Fallen Hero
233562	Angelista's Charm
233563	Mantle of Phrenic Power
233564	Bile-Covered Gauntlets
233565	Ukko's Ring of Darkness
233566	Mantle of the Desert's Fury
233567	Mantle of the Desert Crusade
233568	Vest of Swift Execution
233569	Ring of the Devoured
233570	Petrified Scarab
233571	Wand of Qiraji Nobility
233572	Necklace of Purity
233573	Recomposed Boots
233574	Leggings of the Festering Swarm
233575	Robes of the Battleguard
233576	Silithid Claw
233577	Thick Qirajihide Belt
233578	Creeping Vine Helm
233579	Gloves of Enforcement
233580	Badge of the Swarmguard
233581	Sartura's Might
233582	Gauntlets of Steadfast Determination
233583	Legplates of Blazing Light
233584	Scaled Leggings of Qiraji Fury
233585	Ancient Qiraji Ripper
233586	Jaw of the Sand Reaver
233587	Barbed Choker
233588	Cloak of Untold Secrets
233589	Fetish of the Sand Reaver
233590	Hive Tunneler's Boots
233591	Silithid Carapace Chestguard
233592	Mantle of Wicked Revenge
233593	Pauldrons of the Unrelenting
233594	Robes of the Guardian Saint
233595	Scaled Sand Reaver Leggings
233596	Libram of Purification
233597	Totem of Life
233598	Slime-coated Leggings
233599	Sharpened Silithid Femur
233600	Ring of the Qiraji Fury
233601	Scarab Brooch
233602	Idol of Health
233603	Gauntlets of the Righteous Champion
233604	Gauntlets of Kalimdor
233605	Huhuran's Stinger
233606	Cloak of the Golden Hive
233607	Gloves of the Messiah
233608	Wasphide Gauntlets
233609	Ring of the Martyr
233610	Hive Defiler Wristguards
233611	Boots of Epiphany
233612	Qiraji Execution Bracers
233613	Vek'lor's Gloves of Devastation
233614	Royal Qiraji Belt
233615	Ring of Emperor Vek'lor
233616	Royal Scepter of Vek'lor
233617	Bracelets of Royal Redemption
233618	Gloves of the Hidden Temple
233619	Regenerating Belt of Vek'nilash
233620	Amulet of Vek'nilash
233621	Kalimdor's Revenge
233622	Grasp of the Fallen Emperor
233623	Belt of the Fallen Emperor
233624	Don Rigoberto's Lost Hat
233625	Burrower Bracers
233626	Larvae of the Great Worm
233627	Jom Gabbar
233628	The Burrower's Shell
233629	Wormscale Blocker
233630	Cloak of the Devoured
233631	Dark Storm Gauntlets
233632	Grasp of the Old God
233633	Eyestalk Waist Cord
233634	Death's Sting
233635	Belt of Never-ending Agony
233636	Scepter of the False Prophet
233637	Gauntlets of Annihilation
233638	Ring of the Godslayer
233639	Vanquished Tentacle of C'Thun
233640	Dark Edge of Insanity
233641	Cloak of Clarity
233642	Mark of C'Thun
233643	Anubisath Warhammer
233644	Garb of Royal Ascension
233645	Gloves of the Immortal
233646	Gloves of the Redeemed Prophecy
233647	Neretzek, The Blood Drinker
233648	Ritssyn's Ring of Chaos
233649	Shard of the Fallen Star
233651	Conqueror's Cuirass
233652	Conqueror's Sabatons
233653	Conqueror's Helm
233654	Conqueror's Tassets
233658	Conqueror's Pauldrons
233664	Striker's Ringmail
233665	Striker's Treads
233666	Striker's Visor
233667	Striker's Chain Legplates
233668	Striker's Spaulders
233670	Doomcaller's Garb
233678	Enigma Garb
233679	Leggings of the Oracle
233680	Robes of the Oracle
233681	Shoulderpads of the Oracle
233682	Crown of the Oracle
233683	Slippers of the Oracle
233684	Avenger's Mantle
233688	Avenger's Cuirass
233689	Avenger's Spaulders
233693	Avenger's Chestguard
233694	Stormcaller's Chestguard
233695	Stormcaller's Faceguard
233696	Stormcaller's Sabatons
233698	Stormcaller's Legplates
233699	Stormcaller's Breastplate
233700	Stormcaller's Crown
233701	Stormcaller's Treads
233702	Stormcaller's Mantle
233703	Stormcaller's Chain Leggings
233704	Stormcaller's Embrace
233705	Stormcaller's Headdress
233707	Stormcaller's Epaulets
233709	Genesis Cowl
233710	Genesis Leather Pants
233711	Genesis Armor
233714	Genesis Leggings
233715	Genesis Leathers
233716	Genesis Treads
233717	Genesis Mantle
233718	Genesis Headdress
233719	Genesis Breeches
233720	Genesis Chestguard
233721	Genesis Greaves
233723	Genesis Mask
233728	Blood-Caked Insignia
233729	Blood-Caked Choker
233730	Blood-Caked Talisman
233731	Blood-Caked Amulet
233732	Blood-Caked Necklace
233733	Blood-Caked Ring
233734	Blood-Caked Circle
233735	Blood-Caked Loop
233736	Blood-Caked Band
233737	Blood-Caked Cloak
233738	Blood-Caked Cape
233739	Blood-Caked Drape
233740	Blood-Caked Shroud
233749	Battle Hardened Mail Wristguards
233759	Battle Hardened Dragonhide Bracers
233764	Battle Hardened Dragonhide Waistguard
233766	Battle Hardened Dragonhide Cord
233768	Battle Hardened Dragonhide Wrists
233769	Battle Hardened Dragonhide Armbands
233780	Battle Hardened Satin Bracers
233781	Battle Hardened Satin Wrists
233783	Battle Hardened Satin Sash
233786	Battle Hardened Satin Cinch
233791	Blood-Caked Copper Coin
233795	Razorspike Headcage
233796	Obsidian Destroyer
233797	Obsidian Stormhammer
233802	Glowing Chitin Armor Kit
233803	Sharpened Chitin Armor Kit
233804	Razorbramble Shoulderpads
233808	Razorbramble Cowl
233813	Razorbramble Leathers
233826	Vampiric Cowl
233833	Vampiric Shawl
233956	Qiraji Silk Scarf
233958	Qiraji Silk Cape
233959	Qiraji Silk Cloak
233960	Qiraji Silk Drape
233962	Flask of Madness
233964	Flask of Ancient Knowledge
233965	Flask of the Old Gods
233966	Flask of Unyielding Sorrow
233967	Elixir of the Honey Badger
233968	Elixir of the Mage-Lord
233969	Elixir of the Ironside
233977	Elixir of Alacrity
233984	Arcane Megabomb
233985	The Fumigator
233986	Obsidian Bomb
233987	G00 DV-1B3 Generator
233988	Tuned Force Reactive Disk
233990	Speedstone
233991	Tear of the Dreamer
233992	Lodestone of Retaliation
233993	Enchanted Stopwatch
233994	Ruby-Encrusted Broach
233995	Scroll: Wrath of the Swarm
233996	Enchanted Repellent
233997	Formula: Enchant Chest - Living Stats
233998	Formula: Enchant Gloves - Holy Power
234001	Enchanted Totem
234002	Enchanted Mushroom
234003	Obsidian-Infused Thorium Bar
234004	Obsidian Grinding Stone
234005	Obsidian Blasting Powder
234006	Monstrous Silithid Chitin
234007	Spiked Silithid Chitin
234008	Qiraji Silk
234009	Bolt of Qiraji Silk
234010	Ancient Sandworm Bile
234011	Qiraji Stalker Venom
234012	Hive Thistle
234016	Signet Ring of the Bronze Dragonflight
234017	Signet Ring of the Bronze Dragonflight
234018	Signet Ring of the Bronze Dragonflight
234019	Signet Ring of the Bronze Dragonflight
234020	Signet Ring of the Bronze Dragonflight
234021	Signet Ring of the Bronze Dragonflight
234022	Signet Ring of the Bronze Dragonflight
234023	Signet Ring of the Bronze Dragonflight
234024	Signet Ring of the Bronze Dragonflight
234025	Signet Ring of the Bronze Dragonflight
234026	Signet Ring of the Bronze Dragonflight
234027	Signet Ring of the Bronze Dragonflight
234028	Signet Ring of the Bronze Dragonflight
234029	Signet Ring of the Bronze Dragonflight
234030	Signet Ring of the Bronze Dragonflight
234031	Signet Ring of the Bronze Dragonflight
234032	Signet Ring of the Bronze Dragonflight
234033	Signet Ring of the Bronze Dragonflight
234034	Signet Ring of the Bronze Dragonflight
234035	Signet Ring of the Bronze Dragonflight
234061	Qiraji Sacrificial Dagger
234062	Vestments of the Shifting Sands
234063	Belt of the Sand Reaver
234064	Belt of the Inquisition
234065	Sand Reaver Wristguards
234066	Toughened Silithid Hide Gloves
234067	Manslayer of the Qiraji
234068	Boots of the Vanguard
234069	Boots of the Qiraji General
234070	Bracers of Qiraji Command
234071	Legplates of the Qiraji Command
234072	Southwind's Grasp
234073	Dustwind Turban
234075	Gauntlets of the Immovable
234076	Talon of Furious Concentration
234077	Thick Silithid Chestguard
234078	Chitinous Shoulderguards
234079	Cloak of the Savior
234080	Eye of Moam
234081	Gauntlets of Southwind
234082	Mantle of Maz'Nadir
234083	Ring of Fury
234084	Southwind Helm
234085	Plans: Black Grasp of the Destroyer
234087	Obsidian Scaled Leggings
234088	Legplates of the Destroyer
234089	Buru's Skull Fragment
234090	Gloves of the Swarm
234091	Slimy Scaled Gauntlets
234092	Fetish of Chitinous Spikes
234093	Quicksand Waders
234094	Scaled Bracers of the Gorger
234095	Slime Kickers
234096	Bow of Taut Sinew
234097	Stinger of Ayamiss
234098	Boots of the Desert Protector
234099	Boots of the Fiery Sands
234100	Helm of Regrowth
234101	Ring of the Desert Winds
234102	Scaled Silithid Gauntlets
234103	Bracers of Brutality
234104	Crossbow of Imminent Doom
234105	Gauntlets of New Life
234106	Gloves of Dark Wisdom
234107	Helm of Domination
234108	Leggings of the Black Blizzard
234110	Ossirian's Binding
234111	Runic Stone Shoulders
234112	Sand Polished Hammer
234113	Sandstorm Cloak
234114	Shackles of the Unscarred
234115	Staff of the Ruins
234116	Fury of the Forgotten Swarm
234117	Treads of the Wandering Nomad
234118	Gavel of Qiraji Authority
234119	Antenna of Invigoration
234120	Helm of the Holy Avenger
234121	Silithid Husked Launcher
234122	The Lost Kris of Zedd
234123	Coif of Elemental Fury
234124	Handbook of Occult Poison II
234129	Onyx Embedded Leggings
234130	Amulet of Shadow Shielding
234132	Drake Tooth Necklace
234133	Drudge Boots
234134	Gnomish Turban of Psychic Might
234135	Band of Icy Depths
234136	Darkwater Robes
234137	Fang of Korialstrasz
234138	Shadowsong's Sorrow
234139	Ravencrest's Legacy
234141	Runesword of the Red
234142	Bottomless Noggenfogger Elixir
234143	Globe of Deception
234144	Censer of the False Prophet
234145	Blood-Caked Hakkari Bijou
234146	Acid Inscribed Greaves
234147	Ancient Corroded Leggings
234148	Dragonbone Wristguards
234149	Dragonspur Wraps
234150	Gloves of Delusional Power
234151	Green Dragonskin Cloak
234152	Hammer of Bestial Fury
234153	Staff of Rampant Growth
234154	Trance Stone
234155	Malfurion's Signet Ring
234156	Boots of the Endless Moor
234157	Circlet of Restless Dreams
234158	Dragonheart Necklace
234159	Polished Ironwood Crossbow
234160	Ring of the Unliving
234163	Dark Heart Pants
234167	Boots of Fright
234168	Mendicant's Slippers
234169	Mindtear Band
234170	Nightmare Blade
234171	Unnatural Leather Spaulders
234172	Emerald Dragonfang
234173	Leggings of the Demented Mind
234174	Acid Inscribed Pauldrons
234175	Hibernation Crystal
234176	Darkmoon Card: Heroism
234177	Darkmoon Card: Blue Dragon
234179	Darkmoon Card: Twisting Nether
234198	Signet Ring of the Bronze Dragonflight
234199	Signet Ring of the Bronze Dragonflight
234200	Signet Ring of the Bronze Dragonflight
234201	Signet Ring of the Bronze Dragonflight
234202	Signet Ring of the Bronze Dragonflight
234220	Plans: Razorspike Headcage
234221	Plans: Razorspike Shoulderplates
234222	Plans: Razorspike Battleplate
234223	Plans: Obsidian Reaver
234225	Plans: Obsidian Destroyer
234226	Plans: Obsidian Stormhammer
234235	Pattern: Glowing Chitin Armor Kit
234236	Pattern: Sharpened Chitin Armor Kit
234237	Pattern: Razorbramble Cowl
234238	Pattern: Razorbramble Shoulderpads
234239	Pattern: Razorbramble Leathers
234240	Pattern: Vampiric Cowl
234241	Pattern: Vampiric Shawl
234242	Pattern: Vampiric Robe
234244	Pattern: Qiraji Silk Scarf
234249	Pattern: Qiraji Silk Cape
234250	Pattern: Qiraji Silk Cloak
234251	Pattern: Qiraji Silk Drape
234252	Recipe: Flask of Unyielding Sorrow
234253	Recipe: Flask of Ancient Knowledge
234255	Recipe: Flask of the Old Gods
234256	Recipe: Flask of Madness
234257	Recipe: Elixir of the Honey Badger
234258	Recipe: Elixir of the Mage-Lord
234259	Recipe: Elixir of the Ironside
234260	Recipe: Elixir of Alacrity
234261	Schematic: Arcane Megabomb
234262	Schematic: The Fumigator
234263	Schematic: Obsidian Bomb
234264	Schematic: G00 DV-1B3 Generator
234265	Schematic: Tuned Force Reactive Disk
234266	Formula: Speedstone
234267	Formula: Tear of the Dreamer
234268	Formula: Lodestone of Retaliation
234269	Formula: Enchanted Stopwatch
234270	Formula: Ruby-Encrusted Broach
234271	Formula: Scroll: Wrath of the Swarm
234272	Formula: Enchanted Repellent
234277	Formula: Enchanted Mushroom
234278	Manual: Smelt Obsidian-Infused Thorium Bar
234279	Plans: Obsidian Grinding Stone
234280	Schematic: Obsidian Blasting Powder
234288	Ironvine Belt
234289	Plans: Ironvine Belt
234290	Ironvine Gloves
234291	Plans: Ironvine Gloves
234293	Plans: Ironvine Breastplate
234295	Pattern: Sandstalker Bracers
234297	Pattern: Sandstalker Gauntlets
234298	Sandstalker Breastplate
234299	Pattern: Sandstalker Breastplate
234301	Pattern: Spitfire Bracers
234303	Pattern: Spitfire Gauntlets
234305	Pattern: Spitfire Breastplate
234306	Bramblewood Belt
234307	Pattern: Bramblewood Belt
234308	Bramblewood Boots
234309	Pattern: Bramblewood Boots
234310	Bramblewood Helm
234311	Pattern: Bramblewood Helm
234314	Pattern: Sylvan Shoulders
234315	Sylvan Crown
234316	Pattern: Sylvan Crown
234317	Sylvan Vest
234318	Pattern: Sylvan Vest
234319	Heavy Obsidian Belt
234320	Plans: Heavy Obsidian Belt
234321	Light Obsidian Belt
234322	Plans: Light Obsidian Belt
234324	Dreamscale Breastplate
234325	Pattern: Dreamscale Breastplate
234429	Plans: Obsidian Heartseeker
234434	Obsidian Shotgun
234435	Schematic: Obsidian Shotgun
234436	Signet Ring of the Bronze Dragonflight
234439	Signet Ring of the Bronze Dragonflight
234440	Signet Ring of the Bronze Dragonflight
234445	Pattern: Bolt of Qiraji Silk
234447	Bubbles' Rod of Transformation
234458	Plans: Jagged Obsidian Shield
234459	Jagged Obsidian Shield
234462	Earthstrike
234463	Wrath of Cenarius
234464	Bubbles' Rod of Bubbles
234467	Bubbles' Rod of Dragons
234469	Idol of Feline Ferocity
234474	Idol of Sidereal Wrath
234478	Totem of Thunderous Strikes
234480	Totem of Pyroclastic Thunder
234481	Pattern: Dreamscale Kilt
234482	Dreamscale Kilt
234484	Dreamscale Bracers
234542	High Warlord's Greatsword
234543	High Warlord's Battle Axe
234545	High Warlord's Pulverizer
234546	High Warlord's Destroyer
234547	High Warlord's Pig Sticker
234548	High Warlord's Pig Poker
234549	High Warlord's War Staff
234550	High Warlord's Spellblade
234551	High Warlord's Battle Mace
234552	High Warlord's Blade
234553	High Warlord's Quickblade
234554	High Warlord's Cleaver
234555	High Warlord's Bludgeon
234556	High Warlord's Razor
234557	High Warlord's Right Claw
234558	High Warlord's Left Claw
234559	High Warlord's Recurve
234560	High Warlord's Crossbow
234561	High Warlord's Street Sweeper
234562	High Warlord's Shield Wall
234563	High Warlord's Tome of Destruction
234564	High Warlord's Tome of Mending
234614	Void-Touched Emblem
234650	Ancient Qiraji Ripper
234747	Fist of Cenarius
234748	Deeprock Bracers
234749	Earthcalm Orb
234760	Rockfury Bracers
234761	Might of Cenarius
234779	Grace of Earth
234780	Band of Earthen Might
234782	Earthpower Vest
234785	Gloves of Earthen Power
234786	Band of Earthen Wrath
234788	Earthweave Cloak
234792	Ravenholdt Slicer
234793	Shivsprocket's Shiv
234797	The Thunderwood Poker
234798	Doomulus Prime
234799	Fahrad's Reloading Repeater
234800	Simone's Cultivating Hammer
234801	Amulet of the Fallen God
234802	Cloak of the Fallen God
234803	Ring of the Fallen God
234804	Blessed Qiraji War Axe
234805	Blessed Qiraji Musket
234806	Blessed Qiraji Pugio
234807	Blessed Qiraji Bulwark
234808	Blessed Qiraji Acolyte Staff
234809	Blessed Qiraji Augur Staff
234810	Blessed Qiraji War Hammer
234811	Charm of the Shifting Sands
234812	Amulet of the Shifting Sands
234813	Choker of the Shifting Sands
234814	Pendant of the Shifting Sands
234960	Reins of the Blood-Caked Tiger
234961	Whistle of the Blood-Caked Raptor
234962	Jade Inlaid Vestments
234963	Strangely Glyphed Legplates
234964	Signet Ring of the Bronze Dragonflight
234974	Staff of the Qiraji Prophets
234976	Wand of Qiraji Nobility
234978	Jaw of the Sand Reaver
234980	Huhuran's Stinger
234985	Dark Edge of Insanity
234989	Qiraji Sacrificial Dagger
234990	Manslayer of the Qiraji
234991	Bow of Taut Sinew
235006	Dagger of Veiled Shadows
235008	Kris of Unspoken Names
235009	Hammer of the Gathering Storm
235012	Mace of Unending Life
235014	Scepter of the False Prophet
235045	Imperial Qiraji Regalia
235046	Imperial Qiraji Armaments
235048	Head of Ossirian the Unscarred
235049	Nightmare Engulfed Object
235136	Formula: Totem of Pyroclastic Thunder
235137	Formula: Totem of Thunderous Strikes
235140	Formula: Idol of Feline Ferocity
235141	Formula: Idol of Ursin Power
235142	Blood-Caked Silver Coin
235144	Satchel of Blood-Caked Copper Coins
235145	Satchel of Blood-Caked Silver Coins
235275	Portals Deck
235277	Warlords Deck
235278	Beasts Deck
235474	High Warlord's Barricade
235476	High Warlord's Hacker
235477	High Warlord's Bonecracker
235478	High Warlord's Shiv
235497	Draught of the Sands
235511	Flawless Yellow Qiraji Resonating Crystal
235512	Flawless Green Qiraji Resonating Crystal
235513	Flawless Blue Qiraji Resonating Crystal
235514	Flawless Red Qiraji Resonating Crystal
235526	Formula: Enchant Bracer - Spell Power
235528	Formula: Enchant Bracer - Agility
235529	Obsidian Scope
235530	Schematic: Obsidian Scope
235786	Karazhan Curio
235787	Ancient Ironwood Branch
235788	Enthusiastic Wisp
235789	Flame of Life
235790	Enchanted Firebrand
235825	Draught of the Sands
235852	Violet Satchel
235867	Scrap of Parchment
235868	Bulwark of Ire
235869	The Master's Cowl
235870	Rattlechain Helm
235871	Clutching Death Helm
235872	Stalker's Bands
235873	Crypt's Keepers
235874	Cultist's Handwraps
235875	Gravedigger's Gloves of Obliteration
235876	Sinner's Handguards of Blood
235877	Fanatic's Gauntlets
235878	Malefic Belt
235879	Nimble Links
235880	Pauper Soles
235881	Dreaded Treaders
235882	Clattering Steps
235883	Well Diver's Stumble
235884	Spectral Signet
235885	Ghastly Ring
235886	Kaigy's Clasp
235887	Barian's Choker
235888	Clobberclub
235889	Servant's Quarterstaff
235890	Shadow Weaver's Needle
235891	Ol' Reliable
235892	Darkrider's Spine
235893	Shadowbound Grimoire
235894	Doomsayer's Demise
236002	List of Components
236041	Ring of the Cryptstalker
236042	Cryptstalker Wristguards
236044	Cryptstalker Spaulders
236046	Cryptstalker Headpiece
236047	Cryptstalker Handguards
236048	Cryptstalker Girdle
236049	Cryptstalker Boots
236051	Cryptstalker Belt
236052	Cryptstalker Pauldrons
236053	Cryptstalker Leggings
236054	Cryptstalker Visor
236056	Band of the Cryptstalker
236058	Cryptstalker Breastplate
236097	Robe of Faith
236098	Belt of Faith
236099	Sandals of Faith
236100	Bindings of Faith
236101	Leggings of Faith
236102	Shoulderpads of Faith
236103	Circlet of Faith
236104	Gloves of Faith
236105	Ring of Faith
236106	Wrists of Faith
236109	Pants of Faith
236111	Hands of Faith
236112	Band of Faith
236196	Dreamwalker Hood
236219	Harbinger of Doom
236221	Misplaced Servo Arm
236224	Stygian Buckler
236226	Pauldrons of Elemental Fury
236231	Desecrated Breastplate
236232	Desecrated Waistguard
236233	Desecrated Gauntlets
236234	Desecrated Sabatons
236235	Desecrated Bracers
236236	Desecrated Helmet
236237	Desecrated Pauldrons
236238	Desecrated Legplates
236239	Desecrated Sandals
236240	Desecrated Shoulderpads
236242	Desecrated Robe
236243	Desecrated Gloves
236244	Desecrated Belt
236245	Desecrated Bindings
236246	Desecrated Leggings
236247	Desecrated Wristguards
236249	Desecrated Headpiece
236250	Desecrated Handguards
236251	Desecrated Tunic
236252	Desecrated Girdle
236253	Desecrated Legguards
236254	Desecrated Spaulders
236255	Wristguards of Vengeance
236256	Touch of Frost
236257	Gem of Nerubis
236258	Cryptfiend Silk Cloak
236259	Band of Unanswered Prayers
236262	Polar Shoulder Pads
236263	Widow's Remorse
236265	Wraith Blade
236266	Pendant of Forgotten Names
236268	Kiss of the Spider
236273	Band of the Inevitable
236276	Totem of Flowing Water
236277	Necklace of Necropsy
236278	Glacial Headdress
236279	Preceptor's Hat
236282	Loatheb's Reflection
236283	Ring of Spiritual Fervor
236284	Brimstone Staff
236285	The Eye of Nerub
236286	Band of Unnatural Forces
236287	Severance
236291	Band of Reanimation
236295	Glacial Mantle
236304	Plated Abomination Ribcage
236305	Spire of Twilight
236307	Veil of Eclipse
236312	Iblis, Blade of the Fallen Seraph
236313	The Soul Harvester's Bindings
236314	Boots of Displacement
236315	Polar Helmet
236316	Sadist's Collar
236317	Corrupted Ashbringer
236318	Seal of the Damned
236319	Leggings of Apocalypse
236320	Warmth of Forgiveness
236321	Maul of the Redeemed Crusader
236322	Soulstring
236323	Resilience of the Scourge
236325	Fortitude of the Scourge
236330	Sapphiron's Right Eye
236337	Glyph of Deflection
236339	Gressil, Dawn of Ruin
236340	Might of Menethil
236341	The Hungering Cold
236342	Stormrage's Talisman of Seething
236343	Kingsfall
236344	Nerubian Slavemaker
236345	Gem of Trapped Innocents
236346	Soulseeker
236347	Shield of Condemnation
236348	Hammer of the Twisting Nether
236349	Doomfinger
236350	The Phylactery of Kel'Thuzad
236352	Mark of the Champion
236354	Aspirant's Seal of the Dawn
236355	Initiate's Seal of the Dawn
236364	Highlord's Seal of the Dawn
236384	Initiate's Seal of the Dawn
236385	Aspirant's Seal of the Dawn
236395	Initiate's Seal of the Dawn
236396	Aspirant's Seal of the Dawn
236397	Remnants of Valor
236414	Damaged Undermine Supply Crate
236438	Soul of the Executioner
236439	Soul of the Opportunist
236440	Soul of the Butcher
236441	Soul of the Phantom
236442	Soul of the Scoundrel
236443	Soul of the Thrill Seeker
236453	Soul of the Swashbuckler
236474	Soul of the Misleader
236475	Soul of the Preyseeker
236476	Soul of the Sharpshooter
236477	Soul of the Hazard Harrier
236478	Soul of the Alternator
236479	Soul of the Toxinologist
236480	Soul of the Bounty Hunter
236481	Soul of the Trick Shooter
236483	Soul of the Hound Master
236493	Soul of the Hastened Healer
236494	Soul of the Refined
236495	Soul of the Celebrant
236496	Soul of the Faithful
236497	Soul of the Serendipitous
236498	Soul of the Resonant
236499	Soul of the Devotee
236500	Soul of the Archbishop
236501	Soul of the Penitent
236502	Soul of the Soul Warder
236503	Soul of the Twilight Walker
236504	Soul of the Mind Breaker
236505	Soul of the Deathdealer
236506	Soul of the Spirit Font
236507	Soul of the Zealot
236508	Soul of the Unwavering Defiler
236509	Soul of the Contemnor
236510	Soul of the Plaguebringer
236571	Soul of the Spirithealer
236578	Soul of the Flamebringer
236642	Mender's Handwraps
236643	Nightwatcher's Gloves of Grasping
236644	Mourner's Handguards
236645	Lightwielder's Gauntlets
236656	Frozen Rune
236657	Bubbles' Rotting Branch
236658	Bubbles' Spine Trophy
236660	Bubbles' Troll Tusk
236661	Bubbles' Ribcage of Ribaldy
236701	Polar Bracers
236703	Polar Gloves
236707	Tunic of Undead Slaying
236708	Breastplate of Undead Slaying
236709	Chestguard of Undead Slaying
236710	Wristguards of Undead Slaying
236711	Wristwraps of Undead Slaying
236712	Bracers of Undead Slaying
236713	Handwraps of Undead Slaying
236715	Handguards of Undead Slaying
236716	Bracers of Undead Cleansing
236717	Gloves of Undead Cleansing
236718	Robe of Undead Cleansing
236719	Bracers of Undead Purification
236720	Gloves of Undead Purification
236721	Robe of Undead Purification
236722	Bracers of Undead Warding
236723	Gloves of Undead Warding
236724	Robe of Undead Warding
236725	Wristwraps of Undead Cleansing
236726	Handwraps of Undead Cleansing
236727	Tunic of Undead Cleansing
236728	Wristwraps of Undead Purification
236729	Handwraps of Undead Purification
236730	Tunic of Undead Purification
236731	Wristwraps of Undead Warding
236732	Handwraps of Undead Warding
236733	Tunic of Undead Warding
236734	Wristguards of Undead Cleansing
236735	Handguards of Undead Cleansing
236736	Chestguard of Undead Cleansing
236737	Wristguards of Undead Warding
236738	Handguards of Undead Warding
236739	Chestguard of Undead Warding
236740	Wristguards of Undead Purification
236741	Handguards of Undead Purification
236742	Chestguard of Undead Purification
236746	Bracers of Undead Warding
236747	Gauntlets of Undead Warding
236748	Breastplate of Undead Warding
236750	Heart of Doom
236782	Sairuh's Collar
236786	Heart of Doom
236864	Soulfrost Quiver
236871	Creepy Censor Sensors
236872	Schematic: Creepy Censor Sensors
236878	Mysterious Relic
236879	Mysterious Relic
236880	Mysterious Relic
237011	Portcullis Key
237020	Scarlet Insignia
237023	Pop-Up Shrub
237024	Opera Ticket
237037	Haute Club Membership Card
237041	Tome of Enchanted Flare
237143	Orders from the High General
237163	Ancient Hero's Skull
237261	Fine Sand
237263	Supply Bag
237277	Frosty Leggings
237278	The Purifier
237279	Amulet of the Dawn
237280	Medallion of the Dawn
237281	Bracers of Hope
237282	Bracers of Subterfuge
237283	Talisman of Ascendance
237284	Supply Bag
237285	Band of Resolution
237286	Band of Piety
237287	Verimonde's Last Resort
237288	Sanctified Leather Helm
237289	Leggings of the Plague Hunter
237290	Icebane Leggings
237291	Glacial Leggings
237292	Polar Leggings
237293	Icy Scale Leggings
237381	Desecrated Ring
237386	Wartorn Undermine Supply Crate
237773	Word of Thawing
237810	Weighted Consecrated Sharpening Stone
238234	Blessed Wizard Oil
238241	Consecrated Sharpening Stone
238264	Scarlet Augur's Hood
238265	Scarlet Augur's Mantle
238266	Scarlet Augur's Vestaments
238267	Scarlet Augur's Cuffs
238268	Scarlet Augur's Mitts
238269	Scarlet Augur's Strap
238270	Scarlet Augur's Leggings
238271	Scarlet Augur's Soles
238272	Scarlet Infiltrator's Bandana
238273	Scarlet Infiltrator's Shoulderpads
238274	Scarlet Infiltrator's Vest
238275	Scarlet Infiltrator's Bracers
238276	Scarlet Infiltrator's Gloves
238277	Scarlet Infiltrator's Belt
238278	Scarlet Infiltrator's Trousers
238279	Scarlet Infiltrator's Shoes
238280	Scarlet Huntsman's Coif
238281	Scarlet Huntsman's Pauldrons
238282	Scarlet Huntsman's Chain
238283	Scarlet Huntsman's Wristguards
238284	Scarlet Huntsman's Handguards
238285	Scarlet Huntsman's Clasp
238286	Scarlet Huntsman's Legguards
238287	Scarlet Huntsman's Boots
238289	Scarlet Soldier's Spaulders
238290	Scarlet Soldier's Chestplate
238291	Scarlet Soldier's Protectors
238292	Scarlet Soldier's Grips
238293	Scarlet Soldier's Waistguard
238294	Scarlet Soldier's Legplates
238295	Scarlet Soldier's Stompers
238299	Pattern: Scarlet Augur's Mantle
238300	Pattern: Scarlet Augur's Vestaments
238301	Pattern: Scarlet Augur's Cuffs
238302	Pattern: Scarlet Augur's Mitts
238303	Pattern: Scarlet Augur's Strap
238304	Pattern: Scarlet Augur's Leggings
238305	Pattern: Scarlet Augur's Soles
238307	Pattern: Scarlet Infiltrator's Shoulderpads
238308	Pattern: Scarlet Infiltrator's Vest
238309	Pattern: Scarlet Infiltrator's Bracers
238310	Pattern: Scarlet Infiltrator's Gloves
238311	Pattern: Scarlet Infiltrator's Belt
238312	Pattern: Scarlet Infiltrator's Trousers
238313	Pattern: Scarlet Infiltrator's Shoes
238315	Pattern: Scarlet Huntsman's Pauldrons
238316	Pattern: Scarlet Huntsman's Chain
238317	Pattern: Scarlet Huntsman's Wristguards
238318	Pattern: Scarlet Huntsman's Handguards
238319	Pattern: Scarlet Huntsman's Clasp
238320	Pattern: Scarlet Huntsman's Legguards
238321	Pattern: Scarlet Huntsman's Boots
238324	Plans: Scarlet Soldier's Chestplate
238325	Plans: Scarlet Soldier's Protectors
238326	Plans: Scarlet Soldier's Grips
238327	Plans: Scarlet Soldier's Waistguard
238328	Plans: Scarlet Soldier's Legplates
238329	Plans: Scarlet Soldier's Stompers
238355	Chains of the Lich
238356	Waistband of Balzaphon
238357	Staff of Balzaphon
238358	Blackwood's Thigh
238361	Lord Blackwood's Blade
238637	Prowler Steak
238638	Filet o' Flank
238639	Sunrise Omelette
238641	Specklefin Feast
238642	Grand Lobster Banquet
238645	Recipe: Prowler Steak
238646	Recipe: Filet o' Flank
238647	Recipe: Sunrise Omelette
238681	Dusty Bag
238734	Tinkerbox: Teleport
238736	Tinkerbox: Magnetic Displacement
238737	Tinkerbox
238782	Schematic: Tinkerbox
238783	Schematic: Tinkerbox: Teleport
238784	Schematic: Tinkerbox: Nitro Boosts
238785	Schematic: Tinkerbox: Magnetic Displacement
238789	Schematic: Semisafe Transporter: New Avalon
238794	Unappetizing Leftovers
238811	Juicy Apple
238830	Apple Scope
238831	Apple Rope
238899	Assorted Fish
238925	Scarlet Quiver
238926	Scarlet Ammo Pouch
238927	Pattern: Scarlet Quiver
238928	Pattern: Scarlet Ammo Pouch
238935	Gently Plagued Meat
238960	Quartermaster's Crate
238985	Heavy Crate
239016	Holy Salts
239017	Exquisite Spices
239021	Carrie's Cookbook
239060	Will of the Mountain
239092	Preposterously Prosed Postage
239117	Crusader's Chalice
239119	Holy Arrow
239147	Crusader's Knapsack
239148	Crimson Dawnwoven Bag
239149	Pattern: Crusader's Knapsack
239150	Pattern: Crimson Dawnwoven Bag
239196	Ruined Lightforged Blade
239215	Charred Emblem
239216	Lightforged Iron
239222	Schematic: Pop-Up Shrub
239223	House Prop
239246	Fizzlefuse's Shopping List
239248	Scarlet Junkbox
239302	Scarlet Uniform Belt
239316	Triangulation Samophlange
239519	Lightbreaker Cuirass
239529	Dawnstalker Breastplate
239531	Dawnstalker Gauntlets
239534	Dawnstalker Pauldrons
239535	Dawnstalker Belt
239537	Dawnstalker Boots
239538	Dawnstalker Girdle
239539	Dawnstalker Handguards
239540	Dawnstalker Headpiece
239542	Dawnstalker Spaulders
239543	Dawnstalker Tunic
239544	Dawnstalker Wristguards
239547	Duskwraith Wristguards
239552	Duskwraith Mantle
239553	Duskwraith Treads
239554	Duskwraith Belt
239555	Duskwraith Bracers
239556	Duskwraith Waistguard
239557	Duskwraith Gauntlets
239558	Duskwraith Sabatons
239559	Duskwraith Pauldrons
239560	Duskwraith Helmet
239561	Duskwraith Legplates
239562	Duskwraith Breastplate
239565	Garb of Revelation
239572	Boots of Revelation
239574	Hands of Revelation
239575	Crown of Revelation
239577	Pants of Revelation
239581	Mantle of Revelation
239582	Girdle of Revelation
239583	Wrists of Revelation
239584	Gloves of Revelation
239585	Circlet of Revelation
239586	Shoulderpads of Revelation
239587	Leggings of Revelation
239588	Bindings of Revelation
239589	Sandals of Revelation
239590	Belt of Revelation
239591	Robe of Revelation
239694	Covenant of Light
239695	Scarlet Steed
239698	Dawnwoven Fabric
239706	Consecrated Sabatons
239707	Consecrated Helmet
239708	Consecrated Pauldrons
239709	Consecrated Legplates
239710	Consecrated Sandals
239712	Consecrated Shoulderpads
239714	Consecrated Circlet
239715	Consecrated Robe
239716	Consecrated Gloves
239718	Consecrated Belt
239719	Consecrated Bindings
239721	Consecrated Leggings
239722	Consecrated Wristguards
239726	Consecrated Boots
239729	Consecrated Headpiece
239730	Consecrated Handguards
239731	Consecrated Tunic
239756	Consecrated Girdle
239757	Consecrated Legguards
239758	Consecrated Spaulders
239759	Consecrated Bracers
239760	Consecrated Waistguard
239761	Consecrated Breastplate
239762	Consecrated Gauntlets
239764	Crimson Bladeleaf
240018	Fizzlefuse's Tinker Manual
240020	Inquisition Legguards
240026	Inquisition Leggings
240052	Fireleaf Bindings
240059	Fireleaf Robe
240060	Waywatcher Wraps
240061	Waywatcher Sash
240063	Waywatcher Trousers
240066	Waywatcher Stompers
240067	Waywatcher Vest
240070	Waywatcher Mantle
240071	Waywatcher Kilt
240072	Waywatcher Hood
240074	Waywatcher Sandals
240075	Waywatcher Leathers
240076	Waywatcher Bracers
240079	Waywatcher Leggings
240083	Waywatcher Armor
240084	Waywatcher Wristguards
240085	Waywatcher Girdle
240086	Waywatcher Spaulders
240087	Waywatcher Legguards
240088	Waywatcher Headpiece
240091	Waywatcher Tunic
240105	Soulcrusher Legplates
240124	Soulcrusher Kilt
240137	Soulcrusher Vambraces
240141	Heretic Cowl
240149	Heretic Pants
240153	Heretic Boots
240174	Solistra, Fang of the First Light
240839	Thal'kituun, the Unseen Guest
240841	High Commander's Guard
240842	Scarlet Rotbringer
240843	Starter's Pistol
240844	Putress' Poker
240845	Prototype Magnet
240846	Magnetic Scrap
240849	Staff of the Glade
240850	Lightfist Hammer
240851	Regicide
240852	Crimson Cleaver
240853	Queensfall
240854	Mercy
240919	Ravagane
240920	Leogan
240921	Scarlet Smashbringer
240922	Deception
240923	Duplicity
240925	Experiment-800M
240945	Slice of Carrie's Apple Pie
240997	Fratley's Spur
240998	Soporific Blade
241001	Tyr's Fall
241002	Remnants of the Red
241003	Mirage, Rod of Illusion
241004	Conundrum
241008	Condemnation
241012	Wand of Reanimation
241015	Aegis of the Scarlet Bastion
241017	Demon's Folly
241018	Nathrezim Heart
241022	Dawnbringer's Cloak
241026	Cardinal's Shawl
241027	Shield Warden's Guard
241028	Nathrezim Loop
241029	Baelin's Band
241031	Barthalomew's Promise
241032	Ring of Resurrection
241037	Abandoned Experiment
241038	Sir Dornel's Didgeridoo
241039	Infusion of Souls
241068	Stiltz's Standard
241070	Hope of Herod
241071	Talisman of the Scarlet Scoundrel
241072	Vial of Pus
241073	Touch of Light
241074	Helm of the Red Crusade
241075	Raging Destroyer's Helm
241076	Cowl of the Covenant
241077	Cardinal's Chapeau
241078	Shroud of the Embalmed
241080	Herod's Pauldron
241128	Pile of Portiporters
241152	Dawnwrought Shoulders
241153	Doan's Mantle
241154	Bearskin Mantle
241157	Scarlet Chestplate
241159	Monastery Garb
241160	Dawnworn Chainmail
241161	Templar Breastplate
241163	Sunblaze Bracers
241164	Scrapped Argent Leathers
241167	Prisoner Shackles
241168	Sunblaze Grips
241169	Prototype Nitro Boosts
241170	Enclave Protectors
241171	Gloves of Departed Souls
241172	Caldoran's Locked Gauntlets
241173	High Wizard Wrap
241174	Girdle of the Reborn Champion
241175	Torturer's Toolbelt
241176	Diesalven's Demise
241177	Kilt of the Scarlet Arcanist
241178	Stalwart Pain Plate
241179	Leggings of Catastrophe
241180	Lightscale Leggings
241181	Dawnworn Chain Leggings
241184	Savior Sandals
241186	Polished Scarlet Mail Boots
241191	Formula: Enchant Weapon - Grand Crusader
241195	Formula: Enchant 2H Weapon - Grand Arcanist
241201	Formula: Enchant Weapon - Grand Sorcerer
241241	Lucky Doubloon
241613	No Longer Used
241629	Scarlet Cannonball
241650	Major Discolored Healing Potion
241651	Recipe: Major Discolored Healing Potion
241652	Discolored Beast Heart
241655	Mishandled Healing Potion
242224	Basket of Hearts
242257	Mysterious Alchemical Sample
242258	Research Notes
242266	World of Wardcraft
242267	From Arcanist to Archmage
242268	If You Give a Crusader an Enchant
242269	Brilliance of the Grand Sorcerer
242270	Brilliance of the Grand Arcanist
242271	Brilliance of the Grand Crusader
242310	Hand of Reborn Justice
242311	Leonid's Charm
242312	Barthalomew Family Seal
242313	Journal of the Revered
242315	Ashes of Arrogance
242316	Dust of the Defiant
242319	New Plague Samples
242320	New Plague Samples
242361	Formula: Enchant 2H Weapon - Grand Inquisitor
242362	Brilliance of the Grand Inquisitor
242363	Who, What, Where, When, and Die! Five Keys to a Good Inquisition
242365	Wing of Balnazzar
242436	Putress' Diary
242465	Jostled Chalice Fragment
243065	Broken Wand
243177	Ingenious Toy
243198	Poultry Precision Scope
243229	Hearthstone of the Dawn
246055	Inquisition Grips
246058	Inquisition Plate Pants
260221	Naaru's Embrace
260433	Starshard Whelpling Collar
260438	Cerulean Phase-Hunter
260622	Exodar Replica
260759	Starshard Netherdrake
262788	Grand Gift
265826	Communal Flamewrought Key
265829	Communal Flamewrought Pouch
265843	Communal Reservoir Key
265844	Communal Reservoir Pouch
265845	Communal Auchenai Key
265846	Communal Auchenai Pouch
265847	Communal Warpforged Key
265848	Communal Warpforged Pouch
265849	Communal Key of Time
265850	Communal Time Pouch
273150	Voidfeather Dragonhawk
273162	Unexpected Gift
278774	Cloak of the Frigid Winds
278819	The Frost Lord's War Cloak
278823	Icebound Cloak
278827	Amulet of Bitter Hatred
278833	Choker of the Arctic Flow
278838	Amulet of Glacial Tranquility
278847	Hailstone Pendant
278953	Frostscythe of Lord Ahune
279240	Shroud of Winter's Chill
